113aaea2b1a27a976547f54e531d99bb,B,"
A: So the answer is (b).
Q: What is"
de0386024f32cdf277a785a851b97544,D,"
A: So the answer is (d).
Q: What is"
9d97e2bb458d93a8bafe4380b08727e3,E,"
A: So the answer is (e).
Q: What is"
96cb628fb7ed2f53245598f707ed2b80,B,"ings
A: So the answer is (b).
Q: What"
69bef3eb55463d040bdf98e2c97bfe1f,A,"
A: So the answer is (a).
Q: What is"
418913999c665ae9527fd14a6132da39,E,"
A: So the answer is (e).
Q: What is"
79ec11d8072ce42779adfe0a19bd5374,B,"
A: So the answer is (b).
Q: What is"
ba9a05bd2086c0d37733e26479d6630f,D,"
A: So the answer is (d).
Q: What is"
60e8f1a86d4063895f340cd1e3c55f50,E,"
A: So the answer is (e).
Q: What is"
9f830faa0f8e3d7fb3a658c15a5fbe63,D,"
A: So the answer is (d).
Q: What is"
c02a3c2d4f726b9e1be99533a24a6ab4,D,"
A: So the answer is (d).
Q: What is"
ecd32cc0c17d4738a27bba3399f04591,C,"
A: So the answer is (c).
Q: What is"
3e536d9253bfac45de83e8ee291ca143,E,"
A: So the answer is (e).
Q: What is"
611a4cc0e288b8a11afa923f48cb2ab4,D,"
A: So the answer is (d).
Q: What is"
5392af3f1c4665e95ff3354e5115de42,D,"
A: So the answer is (d).
Q: What is"
5c171b9837af49211891ce40e4a10204,D,"
A: So the answer is (d).
Q: What is"
e99d4cb2e69d3e020ee9e4e9a84ac45b,B,"
A: So the answer is (b).
Q: What is"
71cbfeb995b06b21e890c91040722252,E,"
A: So the answer is (e).
Q: What is"
f06852fb4bb2764dc208a991d037f211,D,"
A: So the answer is (d).
Q: What is"
d29252ddaf7c7ef491abcce342d7bb98,D,"
A: So the answer is (d).
Q: What is"
bd780fea2d4dd262583446e64c0f314d,C,"
A: So the answer is (c).
Q: What is"
0854478d174c9127064f0d4b58df7e62,C," parlor
A: So the answer is (c).
Q:"
2eef2d255fe629414f4d24ade8590102,B,"
A: So the answer is (b).
Q: What is"
d807e7ae60976324920c8d29eb42dad6,B,"
A: So the answer is (b).
Q: What is"
f1c2e37abf17d9e4ad16eb40f966c79f,D,"
A: So the answer is (d).
Q: What is"
ede4d302fc2ffe07703158f83c1493f2,C,"
A: So the answer is (c).
Q: What is"
c592258c88295756833e9796e881057b,C,"
A: So the answer is (c).
Q: What is"
18844d3aa4e52b331b5382c8244cf4db,D,"
A: So the answer is (d).
Q: What is"
bc38ad28e99cff7a65771233f734a007,D,"
A: So the answer is (d).
Q: What is"
487cabfcd776d89748ee7e7bb681ad59,C,"
A: So the answer is (c).
Q: What is"
403c9b067ef7363efffa822bb08c5426,B,"
A: So the answer is (b).
Q: What is"
059155c50d1b04da7373e309868e67d2,E,"
A: So the answer is (e).
Q: What is"
a5dcac512870e79f5aa2b22dbd662404,B,"
A: So the answer is (b).
Q: What is"
54075de8b8b89ecef2e4eb4eaee2713d,B,"
A: So the answer is (b).
Q: What is"
515834727e23e30ab7c8fe5ba7e9a765,B,"
A: So the answer is (b).
Q: What is"
9dffd2021771e0ecddb19031acf3701b,B,"
A: So the answer is (b).
Q: What is"
0df042743128b57e874bd5d79b7aae7a,B,"
A: So the answer is (b).
Q: What is"
b5baf77d3855935c87f01f5fb2216667,C,"
A: So the answer is (c).
Q: What is"
1bf4c6b5bd870b1a079106e1e97e5d09,C,"
A: So the answer is (c).
Q: What is"
526cd34f5b2afefbbb7830434785f298,A,"
A: So the answer is (a).
Q: What is"
7f25dbab26165b3c8800c2733ca759d6,A,"
A: So the answer is (a).
Q: What is"
4423c006f2a43f222d4c4e97360c25d3,A,"
A: So the answer is (a).
Q: What is"
db75e16788cf56d5dfb9773eaf91fe7e,D,"
A: So the answer is (d).
Q: What is"
dd11fea36d89aa09f9a6069545ba4c9c,D,"
A: So the answer is (d).
Q: What is"
2adbb4fc0d5249dc411dda433f378591,D,"
A: So the answer is (d).
Q: What is"
43fb083962f825ae651d88648bbd2f74,D,"
A: So the answer is (d).
Q: What is"
ffd89796a9b09bef56c5803f188764c6,A,"
A: So the answer is (a).
Q: What is"
0f2377604e628c55ba588366139396b9,D,"
A: So the answer is (d).
Q: What is"
2a0e82bbf1471290c93c8f2a11af197f,D,"
A: So the answer is (d).
Q: What is"
6c4b2c93a4bdafb6cbf2b2ef2439b06f,E,"
A: So the answer is (e).
Q: What is"
e5697a25935c5249d2108f55e245f3e4,D,"room
A: So the answer is (d).
Q: What"
c3b7f4196b12714940ac1b9417194df4,E,"
A: So the answer is (e).
Q: What is"
35872be88df5f6c4a6600020266a5458,B,"
A: So the answer is (b).
Q: What is"
3df1b88da6a90c9526be2c8a6cc736dc,E,"
A: So the answer is (e).
Q: What is"
def936fda9f6ccee01f57c0f804fabd0,D," chain
A: So the answer is (d).
Q: What"
9f9ca9bb06d6afc31b19c365fb29a1c9,C,"
A: So the answer is (c).
Q: What is"
4779be55f47a301debfc472e4fc2c7b6,B,"
A: So the answer is (b).
Q: What is"
37644422df4bcd28b3f54bbf3fc2c0f8,B,"
A: So the answer is (b).
Q: What is"
31bd05ba62a16ee35217224b98c6baea,D,"
A: So the answer is (d).
Q: What is"
feb83263e6be392351db0794004efc3f,E,"
A: So the answer is (e).
Q: What is"
63861ac5e633db9090704ae315ef6f93,E,"
A: So the answer is (e).
Q: What is"
46ba5d2b8cfc6708e5e2618568d8730e,A,"
A: So the answer is (a).
Q: What is"
17eafc807b198236faf06a66f4c05313,C,"
A: So the answer is (c).
Q: What is"
9402864beae075392d2ee6c10115fc21,E,"
A: So the answer is (e).
Q: What is"
b6bbe013995fdb5def3d504319af0791,C,"
A: So the answer is (c).
Q: What is"
15556e26feaa5a8a29c9f30896e535d4,A,"
A: So the answer is (a).
Q: What is"
60b909ad1d7956218a5d99954fdebecd,B,"
A: So the answer is (b).
Q: What is"
1875f70cf736c68c7a9df3ef870224a1,D,"
A: So the answer is (d).
Q: What is"
2c845646032bbf27fb3904330d59d324,D,"
A: So the answer is (d).
Q: What is"
056b33c7050c167b0d4348d40d169358,D,"
A: So the answer is (d).
Q: What is"
b231a732a3fdf0621391e7e385f8d651,D,"
A: So the answer is (d).
Q: What is"
01abce8c4964371d85a5be2019f75827,A,"
A: So the answer is (a).
Q: What is"
80930e9df9ac4ad752749a54e7fc124f_1,D,"
A: So the answer is (d).
Q: What is"
30e66db11e0257a14a17108b90cd69fb,D,"
A: So the answer is (d).
Q: What is"
410f907f817dd7aa8e73291a918d3d86,D,"
A: So the answer is (d).
Q: What is"
6cc797ec148c1fc74592957a55bd0951,E,"
A: So the answer is (e).
Q: What is"
8058c566a4f488033d00e6520b17caea,E,"
A: So the answer is (e).
Q: What is"
3d1a67f87b34303f97549ba83e5521c2,A,"
A: So the answer is (a).
Q: What is"
ab8bf60f76bc6119459271140ccae781,D,"
A: So the answer is (d).
Q: What is"
406e15b76269d20b5448a91648094291,B,"
A: So the answer is (b).
Q: What is"
420641003ba20b966887dfac684efb17,B,"
A: So the answer is (b).
Q: What is"
56d0fc282a144565f2c852415c6fa92c,E,"
A: So the answer is (e).
Q: What is"
49902e768c45aa41a0f9f95be81114e5,E,"
A: So the answer is (e).
Q: What is"
dc964e4f6df6b70815e81e466d0ff717,E,"
A: So the answer is (e).
Q: What is"
435a728f45d32faa4b3c4553c966fd6b,B,"
A: So the answer is (b).
Q: What is"
cfa081b5ba90dae4d7ddb5b7ad9d369a,E,"
A: So the answer is (e).
Q: What is"
dea70fe40fac9ad03bf319bf8a480efa,D,"
A: So the answer is (d).
Q: What is"
cce1b59f7c4f540a84a1a7d6d88548c4,D,"
A: So the answer is (d).
Q: What is"
c7ce02d9365fe9275f88338ad51cbde6,A,"
A: So the answer is (a).
Q: What is"
3f4b48708d08f8bf7bec796531023f9c,A,"
A: So the answer is (a).
Q: What is"
821b32d39f57396979069b948030afe9,D,"
A: So the answer is (d).
Q: What is"
83c25b9a5db5f9b3fd1ff6c7453d23d0,C,"
A: So the answer is (c).
Q: What is"
f232bfea2a7611999688a252e476c040,B,"
A: So the answer is (b).
Q: What is"
0e5c7c0cec5b693e52f74f5f879d84fb,B,"
A: So the answer is (b).
Q: What is"
80697d599280d994d8a584c95824ef1f,D,"
A: So the answer is (d).
Q: What is"
26c8a7165d0ed7250b9328f90d83ba83,D,"
A: So the answer is (d).
Q: What is"
e34a0d1331c6bd4574ffe308e3fbd389,D,"
A: So the answer is (d).
Q: What is"
6c1c1c282cebe8917f607f0dbc1c102e,E,"
A: So the answer is (e).
Q: What is"
63963c9c15835d451aac2e1e0b116388,B,"
A: So the answer is (b).
Q: What is"
70c39372c0d50566554fd72c768b75f6,E,"
A: So the answer is (e).
Q: What is"
167d2cfa04bfaea0e0b5bac3598d5769,D,"
A: So the answer is (d).
Q: What is"
5c224410a40c9269b1e542cfcb430d35,D,"
A: So the answer is (d).
Q: What is"
d78baca23e0a636a8961e17119047e63,C,"
A: So the answer is (c).
Q: What is"
33ea932a876ac0361c9eefeff1d24e92,E,"
A: So the answer is (e).
Q: What is"
3957ac6bab96fc9d4f173ada4692d16b,A,"
A: So the answer is (a).
Q: What do"
51e2da7396ab7045533e885dbb98a424,D,"
A: So the answer is (d).
Q: What is"
cab9eea2a91b1bd5c0a01b11f594f154,E,"
A: So the answer is (e).
Q: What is"
5365fd00ef8cec62ee5685e246a939db,E,"
A: So the answer is (e).
Q: What is"
8ef78abb86fc282ccb02bbc495f13030,D,"
A: So the answer is (d).
Q: What is"
008b7ba0c039f6d0d542c6c90aae173c,E,"
A: So the answer is (e).
Q: What is"
f1368ab1d4ee05d72d555474fcd737d7,E,"
A: So the answer is (e).
Q: What is"
1e939cc6fef999953d692b57caab254b,E,"
A: So the answer is (e).
Q: What is"
72baf6ca5c4daa01c2cc7fda22183db8,A,"
A: So the answer is (a).
Q: What is"
4302e727e47f464511d4d04f22bed0d2,E,"
A: So the answer is (e).
Q: What is"
a617eb4d27edea93e7fd630ce00c8219,C,"
A: So the answer is (c).
Q: What is"
b5345f15d5b451562ab9e0851e7f394f,E,"
A: So the answer is (e).
Q: What is"
88f1fe6cfbcb1a25f25454341c789463,B,"
A: So the answer is (b).
Q: What is"
fce1c5d069758aea57a787fc98dcf7a9,E,"
A: So the answer is (e).
Q: What is"
beef0aa2058297904bb4acc1dc340c85,E,"
A: So the answer is (e).
Q: What is"
d6107d454181b701ddcaa449a1e422a3,E,"
A: So the answer is (e).
Q: What is"
9003c4748b08d5a734747e499599ff20,C,"
A: So the answer is (c).
Q: What is"
4396cb65629672723c7b184424e139bb,B,"
A: So the answer is (b).
Q: What is"
74ad13a03634e79c85382f1b90969b74,E,"
A: So the answer is (e).
Q: What is"
f794e376672c98ac25d8f70506a26e68,A,"
A: So the answer is (a).
Q: What is"
1e09c3136a743b862e783700b7667028,B,"
A: So the answer is (b).
Q: What is"
e65559cd9f5d96b577caeb78d9033502,B,"
A: So the answer is (b).
Q: What is"
9b26329d74a6159ab9af4f899303de39,D,"
A: So the answer is (d).
Q: What is"
ae038e9af9d5a511ada7456b5e73b15e,E,"
A: So the answer is (e).
Q: What is"
896b25dc41f84357add1c798d4a96cd8,A,"
A: So the answer is (a).
Q: What is"
e3c9e83c0c62d842de2dfe229f5e6d41,E,"
A: So the answer is (e).
Q: What is"
d07f149d8d953dcc45dda432194c375e,B,"
A: So the answer is (b).
Q: What is"
26bd85f05d29863ed777a4f1a4b8fa63,D,"
A: So the answer is (d).
Q: What is"
6efaeb796307036719635242fa5ad0f3,E,"
A: So the answer is (e).
Q: What is"
d35112a99ab3983fb51c3adae80bc2da,D,"
A: So the answer is (d).
Q: What is"
fa031cff8e11e75c68d6a99ef0e5ca3a,B,"
A: So the answer is (b).
Q: What is"
1afa02df02c908a558b4036e80242fac,C," city
A: So the answer is (c).
Q: What"
f50209f04d11690d7c8f30e29b35ff02,C,"
A: So the answer is (c).
Q: What is"
af11faa29097b71141fe192ad019d1dd,C,"
A: So the answer is (c).
Q: What is"
5ea6b94d1a911365b06cf776919413e8,B,"
A: So the answer is (b).
Q: What is"
e8a9142d2402f818273dd62cf5a7b559_1,C,"
A: So the answer is (c).
Q: What is"
ecbc1ab06ad1ed6c53e5293d7a90ebd3,D,"
A: So the answer is (d).
Q: What is"
801431167b8bff06b9870abe9721536b,A,"
A: So the answer is (a).
Q: What is"
06be29539ad3e1fbd7b53b05243f4bd7,B,"
A: So the answer is (b).
Q: What is"
57e96118fee6e2bbac5f59790fc833c0,D,"
A: So the answer is (d).
Q: What is"
3dee8fc7f0a3fbf4de111b6686fca157,D,"
A: So the answer is (d).
Q: What is"
3a6140e475cbbd3ee1da5ba9a6953597_1,E,"
A: So the answer is (e).
Q: What is"
db7f2bfdabcf53d6778fd7af80b603d2,C,"
A: So the answer is (c).
Q: What is"
a943522f7d407cef369d5d3f1bf48589,B,"
A: So the answer is (b).
Q: What is"
6416dcdf9b8d7d2787f07e7426f86fe4,E,"
A: So the answer is (e).
Q: What is"
b9e04a53c0ee7325b901de4d12d56884,C," theater
A: So the answer is (c).
Q:"
e61891746aa94ab57aaa754614034aef,B,"
A: So the answer is (b).
Q: What is"
fc1d33a2301a30214523c12573f81aba,C,"
A: So the answer is (c).
Q: What is"
8d79cc5e4eea11f50fab18fdea20fd4f,C,"
A: So the answer is (c).
Q: What is"
3c7992df7fda23bcdeacb1f1f6b73448,B,"
A: So the answer is (b).
Q: What is"
129ec46cc2541b73198d774ee632c8d7,E,"
A: So the answer is (e).
Q: What is"
fa1f17ca535c7e875f4f58510dc2f430,A,"
A: So the answer is (a).
Q: What is"
060cad0d3c007ceb151db9907bfcb214,D,"
A: So the answer is (d).
Q: What is"
095767956c500ca1af7cf7671556de5b,D,"
A: So the answer is (d).
Q: What is"
70af2b5df22ec96901350dfa3c9ee74f,A,"
A: So the answer is (a).
Q: What is"
14309d9bd3c13d1c0efb625198f6304a,E,"
A: So the answer is (e).
Q: What is"
4f1d8007b446b0e10f07fd63cbd31b6f,B,"
A: So the answer is (b).
Q: What is"
aa2dcd9bcce5e4445bd3bacbf0bb11d3,C,"
A: So the answer is (c).
Q: What is"
dec1c42628a7448aa364cdada6e82f98,A,"
A: So the answer is (a).
Q: What is"
1d8d9e3504c8c58a3b923ddc155c19b0,B,"
A: So the answer is (b).
Q: What is"
ec8797b12e3c6666ebe70b2a7680b66f,E,"
A: So the answer is (e).
Q: What is"
32d5b7fcae24f0d4871cfb219c5a4b47,B,"
A: So the answer is (b).
Q: What is"
3fb36127a61903029a363911a1d2b1e9_1,C,"
A: So the answer is (c).
Q: What is"
550164b7cf4e03153484136f10122c70,D,"
A: So the answer is (d).
Q: What is"
0e80f2afe5c4f652e8720b52d7c06c87,B,"
A: So the answer is (b).
Q: What is"
e40fd2c17fe2cde4bd4af540d35fd518,E,"
A: So the answer is (e).
Q: What is"
0a4a00ba435397c4a0496dd2c2426be7,E,"
A: So the answer is (e).
Q: What is"
69d0f70c173dda17934836d618ca7093,B,"
A: So the answer is (b).
Q: What is"
33c84708785f88c19737ef5b0e31a64b,D,"
A: So the answer is (d).
Q: What is"
e9389b08fdd17f14b148d498d6ff4dfe,A,"
A: So the answer is (a).
Q: What is"
3f6157968fcf50d257ec3d8c729b7443,E," instinct
A: So the answer is (e).
Q: What"
45a6becd307342669d9d17474e50b97a,E,"
A: So the answer is (e).
Q: What is"
7044d82a456d0fa6f0210abb03cbf2c4,C,"
A: So the answer is (c).
Q: What is"
668dc6bce771b10cbf6336f3ec76520a,B,"
A: So the answer is (b).
Q: What is"
0843c51212a3c2eee660fab5648c9e19,C,"
A: So the answer is (c).
Q: What is"
abb090bbc572be1016bcd5f261f28e76,C,"
A: So the answer is (c).
Q: What is"
e56c56c3cfe50ba0c787c2bd67255be8,D,"
A: So the answer is (d).
Q: What is"
9370b2b0897b796dec4a40f107854c8d,E,"
A: So the answer is (e).
Q: What is"
c4b1a57e7880b9cb367f9c67abf5605f,B,"
A: So the answer is (b).
Q: What is"
b67971747e95ba425a5b81e0ba8d0b28,D,"
A: So the answer is (d).
Q: What is"
fd243c96edec5b1b8520d5bfeddc6622,A,"
A: So the answer is (a).
Q: What is"
c1c7a9efa379b8a7024a71cf364a144c,E,"
A: So the answer is (e).
Q: What is"
4c968fa73699a38639ba3ffa1745bc21,B,"
A: So the answer is (b).
Q: What is"
30d0c2006613eec41ae814d76c17a798,C,"
A: So the answer is (c).
Q: What is"
159d50e325b59c6d29ec371500e173b4,E,"
A: So the answer is (e).
Q: What is"
b63e5cd88bfe75d29ff9fdc6dd97fed6,D,"
A: So the answer is (d).
Q: What is"
950af0b765c298960ce3dada66df8db1,B,"
A: So the answer is (b).
Q: What is"
ba3a2b9ff289c106051163f840a6f5ba,A,"
A: So the answer is (a).
Q: What is"
8d275acea05fd16295c659c504576a9b,B,"
A: So the answer is (b).
Q: What is"
f656a475f07d3adba9d1486eda8e834a,E,"
A: So the answer is (e).
Q: What is"
bcd51af35d691f5c3b6b548096ab1559,E,"
A: So the answer is (e).
Q: What is"
22015315e7ff79386877828b4fa27799,E,"way
A: So the answer is (e).
Q: What"
a287575d3ba4b9f958536fc14a1f5b5a,C,"
A: So the answer is (c).
Q: What is"
4c5c74b3287492d6ddb2da4c8c0fd51a,C,"
A: So the answer is (c).
Q: What is"
c2c2a387fd9a6a26cff636008de21f71,D,"
A: So the answer is (d).
Q: What is"
f4a75bf3f115b826a8097edfd0ff2781,A,"
A: So the answer is (a).
Q: What is"
4d67cdb4ba1b0058e383c212303a9f4e,C,"
A: So the answer is (c).
Q: What is"
cc8324b73ed9625e723ef041dfc77a37,A,"
A: So the answer is (a).
Q: What is"
6e77de03bee86d6c20780e14f00944d0,C,"
A: So the answer is (c).
Q: What is"
e408a5a031caec33782cb3b3a005eecc,E,"
A: So the answer is (e).
Q: What is"
54231f875bb7fe4d3e4afb6eae64387c,D,"
A: So the answer is (d).
Q: What is"
1a86310d7279097205a3403752c3b914,E,"
A: So the answer is (e).
Q: What is"
ea6d1a739ea841be282e13789270651e,C,"
A: So the answer is (c).
Q: What is"
0bed77da54b6c54facd0ee6614aad72e,A,"
A: So the answer is (a).
Q: What is"
6d1d483745bc0aae0f4dd04e851ceffb,B,"
A: So the answer is (b).
Q: What is"
41fac392c6a5827c1b6682d5d3798e59,B,"
A: So the answer is (b).
Q: What is"
f20d40bc4af588223e880e0bb58b27b8,C,"
A: So the answer is (c).
Q: What is"
a328285c6212c899e335c45db3c49ffd,A,"
A: So the answer is (a).
Q: What is"
a478e8b7c049781574f7fbb11ba1eec0,B,"
A: So the answer is (b).
Q: What is"
97da9aa4ea4b22744ec51cba49f35bfc,C,"
A: So the answer is (c).
Q: What is"
70701f5d1d62e58d5c74e2e303bb4065,E,"
A: So the answer is (e).
Q: What is"
93bbaccb1c46d22124a846b8514de5bc,C,"
A: So the answer is (c).
Q: What is"
026cb9c07a583ec933f2c4c67ae73836,B,"
A: So the answer is (b).
Q: What is"
055817d8d703d3c2802545e3fccdcde3,B,"
A: So the answer is (b).
Q: What is"
0bf4d64ad0eee7224acb3a4eb85accb2,B,"
A: So the answer is (b).
Q: What is"
68f6ac445cc008d93f931b999b44b0ba,E,"
A: So the answer is (e).
Q: What is"
49cda7eedbf63b3f38e59ba72f1ee1f9,D,"
A: So the answer is (d).
Q: What is"
cb5b39878be0e05a3ffe783801adbc3b,B,"
A: So the answer is (b).
Q: What is"
855ab6ba47f6311104c4d29e24ef0234,D,"
A: So the answer is (d).
Q: What is"
81f5e741d970578867495ceea5a0c848,C,"
A: So the answer is (c).
Q: What is"
14d760e43728e9e4643c414627f2b596,C,"
A: So the answer is (c).
Q: What is"
cdb06b28b9c4e7ef7e880d1f096fd409,C,"
A: So the answer is (c).
Q: What is"
f1182e3a070f5a1be529843aa6e5c20c,D,"
A: So the answer is (d).
Q: What is"
3163910d665c139a1f6f07d85803baba,E,"
A: So the answer is (e).
Q: What is"
d867f76d000bdb59b9b4cb982bd7f0a0,B,"
A: So the answer is (b).
Q: What is"
1729c737ff92cf558efecde2c6cafc5e,D,"
A: So the answer is (d).
Q: What do"
b399f6008d90dbd92bcce5abed4c1fd1,D,"
A: So the answer is (d).
Q: What is"
6f48ee564a48293eb501cc0d8197bdd9,E,"
A: So the answer is (e).
Q: What is"
c770870c88f35f9d110217049c5a7334,E,"
A: So the answer is (e).
Q: What is"
c306ab28498b67c53decb9dde1d78bd5,E,"
A: So the answer is (e).
Q: What is"
0a006d16d9042e0c170935e5fbf7f9af,B,"
A: So the answer is (b).
Q: What is"
75b8195e23c6bada574f1e41471b8f23,C,"
A: So the answer is (c).
Q: What is"
bc10bf2bfae26a2226823d42956f6cf0,D,"
A: So the answer is (d).
Q: What is"
fb35c7aa5694bab2cde4b7257bfae003,E,"
A: So the answer is (e).
Q: What is"
c6f10fd07348bf2cf5488b0d9f38d806,B,"
A: So the answer is (b).
Q: What is"
78276a4eab6e8d6b9ae3749211816977,E,"
A: So the answer is (e).
Q: What is"
3cb91a71a6567da870eedf37becc97ef,A,"
A: So the answer is (a).
Q: What is"
a4b44a986e7f9045432e20ea75611df4,B,"
A: So the answer is (b).
Q: What is"
e151b44e0a7bf08a1dd3c861eef09161,C,"
A: So the answer is (c).
Q: What is"
b92f786638796fc028947ac0e9a44fef,A,"
A: So the answer is (a).
Q: What is"
230cc491829307e8edb5423c8d09f945,C," in school
A: So the answer is (c).
Q:"
eb4b2cd0f2a69686e5a82250c5806b84,E,"
A: So the answer is (e).
Q: What is"
8ea5720718c0e122efa6277edb511569,D,"
A: So the answer is (d).
Q: What is"
91756d8e475d8d59fa0a4e35f408e366,E,"
A: So the answer is (e).
Q: What is"
95d1d968ee66b6054cbb16b58a7c6455,A,"
A: So the answer is (a).
Q: What is"
4499ebd5e8188b0d5fdef6afd893017a,D,"
A: So the answer is (d).
Q: What is"
99098375c7b651d524eebac72e358238,E,"
A: So the answer is (e).
Q: What is"
514310637fb43a252bfadc8cbf79b277,D,"
A: So the answer is (d).
Q: What is"
f0c4622a082eb9ad0690dd36dcf61297,E,"
A: So the answer is (e).
Q: What do"
7ae17f5aecacf18c94a47cc48deb6c36,D,"
A: So the answer is (d).
Q: What is"
b893a6e7a2b172bd71f03c9dbee4f960,D,"
A: So the answer is (d).
Q: What is"
6b0bf501aa68b06ddc5ad72ac5ff68fc,E,"
A: So the answer is (e).
Q: What is"
ce2fd94212243f843b3f357046051f57,A,"
A: So the answer is (a).
Q: What is"
e2a9f0041d17a9944377a91bef5e0d0d,E,"
A: So the answer is (e).
Q: What is"
c640116ca6905d5256edadb616b3f76e,E,"
A: So the answer is (e).
Q: What is"
eaadd7a4b18cb48c00f85c3975750fe7,A,"
A: So the answer is (a).
Q: What is"
c77e1039d78cdff197a370fcda0f2b9f,A,"
A: So the answer is (a).
Q: What is"
175e7dcdded13d5adafaebf2264c3abd,C,"
A: So the answer is (c).
Q: What is"
0f7425ecbe369bf41a230aab92d84132,E,"
A: So the answer is (e).
Q: What is"
029e36d8f65982b142c319064dc5e32f,B,"
A: So the answer is (b).
Q: What is"
793672da43fbc609e8c5760630c7e239,B,"
A: So the answer is (b).
Q: What is"
8c8052980e357545398d27d1c3c832d8,D,"
A: So the answer is (d).
Q: What is"
91629c6f9e4af3e6acf385eb23fd8068,C,"
A: So the answer is (c).
Q: What do"
004607228ad49b69eac932c1005d6106,D,"
A: So the answer is (d).
Q: What is"
2d33cde5e3987adc8fa2bca0af4dd3dd,E,"
A: So the answer is (e).
Q: What is"
95a85df48902d23eb3fda25a99fca1a0,B,"
A: So the answer is (b).
Q: What is"
2f1680da0d388a8453150ff3637e4689,D,"
A: So the answer is (d).
Q: What is"
64931f9097155672bfe3e16f03b2c195,E,"place
A: So the answer is (e).
Q: What"
5ff6ce8ad88459272ffe23d33db4970a,D,"
A: So the answer is (d).
Q: What is"
163d83851ecd4a4144b31b8738e4c335,B,"
A: So the answer is (b).
Q: What is"
359aed918343d228e67cef329b693904,C,"
A: So the answer is (c).
Q: What is"
b61e849e44db16a581f0b65e28ab95dc,C,"
A: So the answer is (c).
Q: What is"
6714487b839f648e348ac972ed114af3,D,"
A: So the answer is (d).
Q: What is"
75ac594b4fdbfba006e61315d1b2c815,E,"
A: So the answer is (e).
Q: What is"
da83d85e28778c082d9a63f5b890b26d,A,"
A: So the answer is (a).
Q: What is"
9b62cd7f89716f393239e6c6ff3e11d5,A,"
A: So the answer is (a).
Q: What is"
14e75a42a416d32a24e2826cae34d2bf,E,"
A: So the answer is (e).
Q: What is"
7c05e8d5a057085455eea243fbd1cd90,D,"
A: So the answer is (d).
Q: What is"
8555dd9667d010018961a2f7d1c22704,D,"
A: So the answer is (d).
Q: What is"
a2977fd575faba162d04a490dabd1b9b,C,"
A: So the answer is (c).
Q: What is"
cc917ca0e03c91a5141920f5a902a36c,E,"
A: So the answer is (e).
Q: What is"
2435de612dd69f2012b9e40d6af4ce38,D,"
A: So the answer is (d).
Q: What is"
5215e26c99b2a9b376fb1c70096a388a,D,"
A: So the answer is (d).
Q: What is"
0b30831fb1862bc62339bdf930cbc447,B,"
A: So the answer is (b).
Q: What is"
0df3f58645b4bc306093845fb297a50e,E,"
A: So the answer is (e).
Q: What is"
1ef68db97654f30cd3701b942fadc934,B,"
A: So the answer is (b).
Q: What is"
cf8e30dd6956d03e3f0f0397112a8696,D,"
A: So the answer is (d).
Q: What is"
a1303b5177df0a5b653c9abd7d5f5e08,E,"
A: So the answer is (e).
Q: What is"
32e2adee67aace0a98c830fb39463015,D,"
A: So the answer is (d).
Q: What is"
64d2310eff6b661baeb41b4ccc392e35,D,"
A: So the answer is (d).
Q: What is"
c509c499bace6de324b39c0d4d0c30fa,E,"
A: So the answer is (e).
Q: What is"
3b9ccdcb1c932c46a38e040d3e6c7f5b,A,"
A: So the answer is (a).
Q: What is"
9808782b2e2e1bfbfa27c41e605bfffe,E,"
A: So the answer is (e).
Q: What is"
aa984e2b487d08889bc0c73bab5ac945,D,"
A: So the answer is (d).
Q: What is"
3c1800e7dd96d37fdd3c51b9fe502342,E,"
A: So the answer is (e).
Q: What is"
985a4f1a3f31f1ba6654f4fc48f504df,D,"
A: So the answer is (d).
Q: What is"
55478486079423907508a06be13ca536,C,"
A: So the answer is (c).
Q: What is"
080ef6941410139d6869e78122bc741e,C,"
A: So the answer is (c).
Q: What is"
8bcbb5098876940b2382db3a9a0b1beb,D,"
A: So the answer is (d).
Q: What is"
93b52e7ea1acf10db891e9355e234123,A,"
A: So the answer is (a).
Q: What is"
2ec7f8fe7948f9997e73f9bff7ba6e05,A,"
A: So the answer is (a).
Q: What is"
83dad4fe630fddbdcd5b18ef890c66f2,E,"
A: So the answer is (e).
Q: What is"
6c515b068b4d3aa88a5382224d9b866d,C,"
A: So the answer is (c).
Q: What is"
558cb0bc25387ce38d71f64ef6f1fa57,D,"
A: So the answer is (d).
Q: What is"
05ea49b82e8ec519e82d6633936ab8bf,D,"
A: So the answer is (d).
Q: What is"
011096bcfff30fd38046cf9db3a411c5,C,"
A: So the answer is (c).
Q: What is"
9310c39a0752f28640c3a05cba1d5ca7,E,"
A: So the answer is (e).
Q: What do"
c872c08a95dd28a16479b76f240a4ad5,D,"
A: So the answer is (d).
Q: What is"
bc05bc6b4df7a3d25a361515fe8912ad,D,"
A: So the answer is (d).
Q: What is"
01794dde3ca2991615f1aa2f63fb22e3,D,"
A: So the answer is (d).
Q: What is"
8b2af2d865b7dc500427786c846eacaf,D,"
A: So the answer is (d).
Q: What is"
5efadabaf61b5174916e3ab659bcd283,E,"
A: So the answer is (e).
Q: What is"
eaf6838d29bcd4ebf408da2f75aa65c3,B,"
A: So the answer is (b).
Q: What is"
c76304b4962f94ab9f20f09cf4a1a7c1,D,"
A: So the answer is (d).
Q: What is"
520972425aed0e532fa28a91c9b55b30,B,"
A: So the answer is (b).
Q: What is"
a5ca7c89196e54938b5827814d0071d4,E,"
A: So the answer is (e).
Q: What is"
732183ead4206e51ed4df18b9c9f14fe,B," up
A: So the answer is (b).
Q: What"
34005ef0caafefc8585c9fcd50e94557,C,"
A: So the answer is (c).
Q: What is"
9e5ce2b7d9eb404cdf8c7317dd0b5a59,C," fish
A: So the answer is (c).
Q: What"
b9b82aa4c236cd342ff95455b8516a42,A,"
A: So the answer is (a).
Q: What is"
8233ccb60dd0c0ff3b7ca5d73e5681f2,B,"
A: So the answer is (b).
Q: What is"
c54ddc0f9d170ba65d9f4f2e0bb41d1c,A,"
A: So the answer is (a).
Q: What is"
3d9c3253e24fb108cea9083e8a853cf2,C,"
A: So the answer is (c).
Q: What is"
a5db1e9677af118deb8e4add8bc18db2,D,"
A: So the answer is (d).
Q: What is"
92869fc0be5dc45f407700692ffd80a0,E,"
A: So the answer is (e).
Q: What is"
fad197409a977126c9587eccd240ceea,C,"ber shop
A: So the answer is (c).
Q:"
3f3ba1d9a3bfe63df11247a968eaddce,D,"
A: So the answer is (d).
Q: What is"
43cec0fff43a976fade9112d02b66021,D,"
A: So the answer is (d).
Q: What is"
2dd138a63b5895cf737ced793cc668e7,E,"
A: So the answer is (e).
Q: What is"
c61790eb63ff6652b878ca051493c07d,C,"
A: So the answer is (c).
Q: What is"
cbf3dd48b4d591fc872a53cd4b9dd3af,C," cars
A: So the answer is (c).
Q: What"
13d2a103abbed930cabc9567a1ba12f2,E,"
A: So the answer is (e).
Q: What is"
63b3652d54c8c0e571f6bb50de318bf0,B,"
A: So the answer is (b).
Q: What is"
ee8819b2da5453848c1cbb9d9c93403b,B,"
A: So the answer is (b).
Q: What is"
4ccd43cdff044bc4c644dadff1ff1e0b,E,"
A: So the answer is (e).
Q: What is"
bf10bfda7328c8671e15adf8546b64d7,C,"
A: So the answer is (c).
Q: What is"
8086f022f2d4a4888ae1f8c7e4541ab9,C,"
A: So the answer is (c).
Q: What is"
e476e2c8c278eaecfe1a8b884b6aeb8e,E,"
A: So the answer is (e).
Q: What is"
0e6a005eec5e6746f3facf4d608bfd8b,D,"
A: So the answer is (d).
Q: What is"
5e260e1d96187716888cbd968010bb65,D,"
A: So the answer is (d).
Q: What is"
3e4b326aff96e9adbb52ba18cfa877b2,D,"
A: So the answer is (d).
Q: What is"
2a21820a135e1a49883525c055c74a0b,E,"
A: So the answer is (e).
Q: What is"
6be05d227f4f6fe727218fc8be9df340,E,"
A: So the answer is (e).
Q: What is"
dc36293f603cf230f8059fc6f2e5660d,B,"
A: So the answer is (b).
Q: What is"
0b5d0c3bafbe06dd5334c20cd8ea7fe2,D,"
A: So the answer is (d).
Q: What is"
790b3f583e9bc9424c771691ecc70c20,D,"
A: So the answer is (d).
Q: What is"
f61d83f90b92a8d537989e55ee70542d,D," hall
A: So the answer is (d).
Q: What"
11c4c78d61e8212f0984fd07eb22b669,E,"
A: So the answer is (e).
Q: What is"
520b0eea9148e3cb4d45aa69a55491eb,E,"
A: So the answer is (e).
Q: What is"
6b270159bd402ddd498a38153f9d1efe,C,"
A: So the answer is (c).
Q: What is"
ef6ede0af827ddd1dc7bbeb36a6fdd22,E,"
A: So the answer is (e).
Q: What is"
7322d0dcf2e27c7032626a3639f5696b,D,"
A: So the answer is (d).
Q: What do"
4acd496cc78d96c2431279a5fd87de7c,E,"
A: So the answer is (e).
Q: What is"
080a9cf2d6447a9a4d98b0af311e10da,D,"
A: So the answer is (d).
Q: What is"
c39131d979c9205c11d0e109e18188e4,E,"
A: So the answer is (e).
Q: What is"
46351b3a6beb694c5f623583a3b1473d,B,"
A: So the answer is (b).
Q: What is"
6a884d5d8febfdd86fcf68ff1a904d9b,E,"
A: So the answer is (e).
Q: What is"
7a58e7e7bf76658751e850f790922aba,E,"
A: So the answer is (e).
Q: What is"
e953dee48c70159ad879143a319ec607,D,"
A: So the answer is (d).
Q: What is"
8d1563697d751a364d688d6701ebdb39,E,"
A: So the answer is (e).
Q: What is"
3b4dcfcab4726496bdbe9535cc669082,D,"
A: So the answer is (d).
Q: What is"
44120a9443c619d98ce5bfe4bb219c43,C,"
A: So the answer is (c).
Q: What is"
3730c646fdf54472ab873aac9ff7852e,E,"
A: So the answer is (e).
Q: What is"
0c2fa15a02d0b6ca6707e98fac7589e4,A,"
A: So the answer is (a).
Q: What is"
047c2d8c65d297b39aa42821c1ca76a9,D,"
A: So the answer is (d).
Q: What is"
3526550b02d9594abd4fc43553010fc6,D,"
A: So the answer is (d).
Q: What is"
f8544c9679d27b747dfad3b8d7aac87a,E,"
A: So the answer is (e).
Q: What is"
32be8cbc1b5a967310bcab8b80563481,B," from
A: So the answer is (b).
Q: What"
2509fdd7d94afe9d0c021654ce0ba93f,B," them
A: So the answer is (b).
Q: What"
3ed6391c539e6daa5b5fdb1b6d5d8ace,D,"
A: So the answer is (d).
Q: What is"
c3890d43b84635d9e61c007ca2521d5b,D,"
A: So the answer is (d).
Q: What do"
6386bcf080633bc3eeb3317a5435b7b7,E,"
A: So the answer is (e).
Q: What is"
5a50ea4bb2d13dc4f620ebd45025d445,E,"
A: So the answer is (e).
Q: What is"
a5d853d1c2fb3ef160218fb91110fbe5,E,"
A: So the answer is (e).
Q: What is"
ec79ef747bb89281923edb89ba26786d,E,"
A: So the answer is (e).
Q: What is"
8ce13c6e08bf38d4cd4af756b661e47c,E,"
A: So the answer is (e).
Q: What is"
c96a86957a9ab1d8ca0aeeb7f040d87a_1,D,"
A: So the answer is (d).
Q: What is"
e1744fc698cffb574e5cf4b29a81ce76,A,"
A: So the answer is (a).
Q: What is"
67beae081a9b5ef56988f205f80cf129,C,"ing
A: So the answer is (c).
Q: What"
e98031901c815e55040d9fe28c4d9387,D,"
A: So the answer is (d).
Q: What is"
a64d45cecde84fdcf5f0a79805a0c6fe,D,"
A: So the answer is (d).
Q: What is"
eacd87f297193033669a93160ae3776f,D,"
A: So the answer is (d).
Q: What is"
2632ff6c9b781d3aa74e8dd36b990871,B,"
A: So the answer is (b).
Q: What is"
33d023a6806390eb8195380331e17404_1,D,"
A: So the answer is (d).
Q: What is"
4c30d5eed4137cba89747510973f37a3,B,"
A: So the answer is (b).
Q: What is"
c68b4082a6872cf8198502651d0f3352,C,"
A: So the answer is (c).
Q: What is"
a85441d6a0e3f871d81a9f19b31360b7,D,"
A: So the answer is (d).
Q: What is"
111501a49dd41ceed9c2073eed5d2b72,A,"
A: So the answer is (a).
Q: What is"
cc46d936bf69d69a3863b0cb85d75c17,E,"
A: So the answer is (e).
Q: What is"
cd639cf3ff82f825ace7dd2b087562bd,D,"
A: So the answer is (d).
Q: What is"
d581e0ad6a4c89465dc1a527bd2d3f77,E,"
A: So the answer is (e).
Q: What is"
a4f5e5412f0f8ac9190db1730db07a90,D,"
A: So the answer is (d).
Q: What is"
f372587fa4c99d5bebf0d0eb987c44e2,E,"
A: So the answer is (e).
Q: What is"
661474a1a0c29dd7a243b284535ac934,D,"
A: So the answer is (d).
Q: What is"
e71da9e95b321763c86e879a47bbd327,E,"
A: So the answer is (e).
Q: What is"
2af70107e04e61e3c7884bc743901c02,D,"
A: So the answer is (d).
Q: What is"
2067720531fc03c017af941cec2f6f40,C,"
A: So the answer is (c).
Q: What is"
ffc3461d437a1c6c22d1c4f6439ebd9c,D,"
A: So the answer is (d).
Q: What is"
846bc47ced7119ad2ee19a8780d7fe18,E,"
A: So the answer is (e).
Q: What is"
c43b60be106662de1863097ee3ddb4d2,C,"
A: So the answer is (c).
Q: What is"
7ce1f99e8185489a7113e6d18c71abb0,D,"
A: So the answer is (d).
Q: What is"
7d7f7d7a8ae3b20ca9fc0da6efe467b4,B,"
A: So the answer is (b).
Q: What is"
a651ffa44ac5febf0aede6748899b981,B,"
A: So the answer is (b).
Q: What is"
4477fb61fde4bb8695c241dfc366b554,D,"
A: So the answer is (d).
Q: What is"
4a4f6408fae400ce0beb5bea0f9913e9,E,"
A: So the answer is (e).
Q: What is"
21450618657881d8c5af73691f3423a7_1,D,"
A: So the answer is (d).
Q: What is"
6abd34442438509b4a00c69d6fd24764,C,"
A: So the answer is (c).
Q: What is"
8ebf9d24719649a0b041aea02a6e46af,C,"
A: So the answer is (c).
Q: What is"
2ffa3808ce26181926990b454e429c85,C,"
A: So the answer is (c).
Q: What is"
a7ab086045575bb497933726e4e6ad28,B,"
A: So the answer is (b).
Q: What do"
ab8d5e21a2cf34b60a04768b01f1f8e9,B,"
A: So the answer is (b).
Q: What is"
3b8e1d236f5169b6c833a994d6d9c39a,D,"
A: So the answer is (d).
Q: What is"
bd773d64f4e22db2358c6e00cbdf2d83,D,"
A: So the answer is (d).
Q: What is"
7850beb1209c41fabe385cbedc96a61a,A,"
A: So the answer is (a).
Q: What do"
0542414710025f56b0c26e1bae5c4d06,A,"
A: So the answer is (a).
Q: What is"
d33a81660058e570a18fb2eafa284a78,A,"
A: So the answer is (a).
Q: What is"
9889e5389917d812c09d6e5d382d333d,B," labor
A: So the answer is (b).
Q: What"
d6900a01a9dd6627b4bb22b0f6d191a5,E,"
A: So the answer is (e).
Q: What is"
99af85081085e6228c6d78c95be01968,E,"
A: So the answer is (e).
Q: What is"
31487ab8b1e8f12e252590cc58bd19c2,D,"
A: So the answer is (d).
Q: What is"
afa2899cc21e204fa64e63e7839e8c1e,B,"
A: So the answer is (b).
Q: What is"
b4130d1790948134f3aeab9d3d79c181,A,"
A: So the answer is (a).
Q: What is"
aead08289ca9abfcd169f935ea228ee5,E,"
A: So the answer is (e).
Q: What do"
1cd94405124031e8681cd12bd25e2d61,D,"
A: So the answer is (d).
Q: What is"
ce246bc94a54431b9c0530e71d2456b5,D,"ing
A: So the answer is (d).
Q: What"
23e4257a49972efd8a97672f060be1c1,C,"
A: So the answer is (c).
Q: What is"
f74b7f268d3c190a13f99ede6d2359e1,A,"
A: So the answer is (a).
Q: What is"
ac6378b5e8462dc1bde1155d706213d8,B,"
A: So the answer is (b).
Q: What is"
2f8b35d352097cc9277599be49fab0b3,E,"
A: So the answer is (e).
Q: What is"
fde1f9bfc33da302449c0b950d16c0ea,B,"
A: So the answer is (b).
Q: What is"
4536489e5d8e02aadc3fcc7a55effe20,B,"
A: So the answer is (b).
Q: What is"
236691d38665d7bcdd0c9b9834252a51,D,"
A: So the answer is (d).
Q: What is"
68a911b64dc943b5f81c0f8dec7faed7,C,"
A: So the answer is (c).
Q: What is"
4364b4b342fb7b44434bd6694bf8fd51,E,"
A: So the answer is (e).
Q: What is"
86e2aabfb9d401567f04d87a648ff776,E,"
A: So the answer is (e).
Q: What is"
c3bc395561113c96ec43afd715da5061,A,"
A: So the answer is (a).
Q: What is"
4b7d1b70060cd1f1a7321795f62a7325,B,"bag
A: So the answer is (b).
Q: What"
eee9476bf29498b7d74b043afe316fc6,D,"
A: So the answer is (d).
Q: What is"
af3b9a8b1962cd3bcd19e644d873e7bc,E,"
A: So the answer is (e).
Q: What is"
bbe0a1ad733e5699f991ff91b3712a6f,A,"
A: So the answer is (a).
Q: What is"
c908d7c4633c5e6add9463bdd47cb27e,E,"
A: So the answer is (e).
Q: What is"
5af7c7860e3be61d4cfd814cc109f9d9,C,"
A: So the answer is (c).
Q: What is"
a585df0818180ce3c06f963a4c3c810a,C,"
A: So the answer is (c).
Q: What is"
a7d51b753c2113d8b2dbd0ebb5375855,A,"
A: So the answer is (a).
Q: What is"
eaf980db7e945b1cf6d648fa55ddcb5e,B,"
A: So the answer is (b).
Q: What is"
ea0e7771afd86a59fd9f7764b77e3fa4,D,"
A: So the answer is (d).
Q: What is"
c2a8c6814ed3e207771cfc23b3b42cf1,C," room
A: So the answer is (c).
Q: What"
82e26bc22af89c38d54aa2d00dcb8a2b,A,"
A: So the answer is (a).
Q: What is"
f7735d721dfdc94621154951d4eaa4cf,D,"
A: So the answer is (d).
Q: What is"
e2ff952c17faf1c56a970502630d4c86,E,"
A: So the answer is (e).
Q: What is"
eb0e0c4eaf19c1e9b4df3b4d3a11be3d,C,"
A: So the answer is (c).
Q: What is"
b0f7d7978ac41c465108a92660d70e84,D,"
A: So the answer is (d).
Q: What is"
5b8af6f26335dbd501b0104c71e26d9e,B,"
A: So the answer is (b).
Q: What is"
c410a4626dfce4b4cfd3e5937602cd77,D,"
A: So the answer is (d).
Q: What is"
7792b2c6518ecf9775efba6d41253312,E,"
A: So the answer is (e).
Q: What is"
b7276bb9139ec25c98c7e3822404eb6c,B,"
A: So the answer is (b).
Q: What is"
484f6e4fb8e6431b010c299490b72e3c,B,"
A: So the answer is (b).
Q: What is"
b8b287b6277fccd4b7c9c72577177328,E,"
A: So the answer is (e).
Q: What is"
b7091d2bfcea421d787ce9e7982f104a,D,"
A: So the answer is (d).
Q: What is"
23df3bac9cfcb156f4cfd8a05f21c5e2,A,"
A: So the answer is (a).
Q: What is"
2f85d53721ccc8b3fa4cfc184186d124,D,"
A: So the answer is (d).
Q: What is"
7f7a6f2b3087bf37dadbe8aa8d358047,C,"
A: So the answer is (c).
Q: What is"
5502dc807d4921679ae1abd0dc9570d6,D,"
A: So the answer is (d).
Q: What is"
bd47827418d5b8d7fb3502a398644435,D,"
A: So the answer is (d).
Q: What is"
2634468d21fa33a88cefe28a5d613f59,E,"
A: So the answer is (e).
Q: What is"
81cc0d320488c7bacafb285cf7db5fbd,B,"
A: So the answer is (b).
Q: What is"
c0d75f9fbf30aa3a612f16edb20d6b8d,E,"place
A: So the answer is (e).
Q: What"
494c501dbbfd36c602aae9e5b8e0cfff,B,"
A: So the answer is (b).
Q: What is"
a7f423c1636ba9e36d18e381928c5dcc,C,"
A: So the answer is (c).
Q: What is"
03f06f77aaf80b5f5e296ffbd11e9d82,B,"
A: So the answer is (b).
Q: What is"
f8a9208665a4f2d64986940456b4b964,E,"
A: So the answer is (e).
Q: What is"
d0a42c8180b4e080aa071dd70fce7e03,E,"
A: So the answer is (e).
Q: What is"
cce13a32fedb997c017d3fac87c34912,D,"
A: So the answer is (d).
Q: What is"
1342c6aec9f5179d6ea6fa5fefbe5188,E,"
A: So the answer is (e).
Q: What is"
d107d67d525a686fbd8282314d2ea33c,A,"
A: So the answer is (a).
Q: What is"
2982d0eae1bf880f5930341af7665716,D,"
A: So the answer is (d).
Q: What is"
4f7be1c68654e2924c161c8eca652928,D,"
A: So the answer is (d).
Q: What is"
8c12e5864463cfcd03f4d0ab67949d01,B,"
A: So the answer is (b).
Q: What is"
faa0aa438b94c19be8ff52ee80d9e298,A,"
A: So the answer is (a).
Q: What is"
2521b3fe6bfd6aeb91f9107dc7c4fbee,C,"
A: So the answer is (c).
Q: What is"
69335eb9bc5b7b5df840c38a086bf8b2,D,"
A: So the answer is (d).
Q: What is"
ec882fc3a9bfaeae2a26fe31c2ef2c07,B,"
A: So the answer is (b).
Q: What is"
8e7941ce31996ca83cc0a68f7313c96d,B,"
A: So the answer is (b).
Q: What is"
f75b22d5b88ac56ae7df030c1ebeded5,E,"
A: So the answer is (e).
Q: What is"
94770e75c4e2000e717b4218ddff19e8,C,"
A: So the answer is (c).
Q: What is"
a339fe08f1f50463ee180b797e99ebcc,D,"
A: So the answer is (d).
Q: What do"
6195ed74cf445cb5d991e1076a080dde,D,"
A: So the answer is (d).
Q: What is"
c492b8b9754a181c924c1df19998cbc7,C,"
A: So the answer is (c).
Q: What is"
9bac07574c966cae34c85e9f25538cba,B," around
A: So the answer is (b).
Q: What"
57c85e4c7ea2501ef9d8f304b524e2e4,B,"
A: So the answer is (b).
Q: What is"
5ef6cdb85468df482e3aa6fa339d6e41,A,"
A: So the answer is (a).
Q: What is"
9a544e9f4847c41a15fdf47ae7b98d8a,D,"
A: So the answer is (d).
Q: What is"
15798a23ee6952fedd6d202064069126,E," on
A: So the answer is (e).
Q: What"
19dfd55e967dacd6f5700a62c1e14eee,D,"
A: So the answer is (d).
Q: What is"
f7a6d0d816d14210f3af5dabe21bf804,D,"
A: So the answer is (d).
Q: What is"
7e522a60756f854c5331125f998bc36b,D,"
A: So the answer is (d).
Q: What is"
72b638200414a526b598de0e01a044df,A,"
A: So the answer is (a).
Q: What is"
506c2dbfe7b00a82bfdf0507a8de88fb,A,"
A: So the answer is (a).
Q: What is"
4dc2c4596b08e9bfd893174e67bff40a,B,"
A: So the answer is (b).
Q: What is"
3eb397b96b6c3a245c81ab30205943f1,C,"ing
A: So the answer is (c).
Q: What"
6163a897cd7eac1deddd4c002a1930ae,E,"
A: So the answer is (e).
Q: What is"
e3c6d147f8a727d314046e70e9579ba0,A,"
A: So the answer is (a).
Q: What is"
28357ebf85f8bb82b6a3210c4397e0aa,C,"
A: So the answer is (c).
Q: What is"
761b0f6c68b1540949b70f76a9e67c78,C,"
A: So the answer is (c).
Q: What is"
edbb57ac2f476679ae547f75ec2bef3e,E,"
A: So the answer is (e).
Q: What is"
f996430ce208606452868fd2e739d409,A,"
A: So the answer is (a).
Q: What is"
df1bf6f3f87975aa0c1b6d6153d9ecef,B,"
A: So the answer is (b).
Q: What is"
ab755203f41a2e241f0ee8a53c54f287,B,"
A: So the answer is (b).
Q: What is"
e0a7d1df3ce14b27888e785e6636d5f0,E,"
A: So the answer is (e).
Q: What is"
2ed66cfd206723a006b37599b516ad6e,E,"
A: So the answer is (e).
Q: What is"
b47d912136e3304cb5e5890b6b879551,D,"
A: So the answer is (d).
Q: What is"
1b3d286458a7e7f069222de0376d06da,D,"
A: So the answer is (d).
Q: What is"
637c710ec9582fd9b9e8eaa3f3fe83bb,A,"
A: So the answer is (a).
Q: What is"
c9f7d07e6d363a99f5fadd68a4dfa35a,D,"
A: So the answer is (d).
Q: What is"
a8a8ae7792901c7179ff5538c701af1f,E,"
A: So the answer is (e).
Q: What is"
8c655f3a55bde41aad880f138d7a445d,B,"
A: So the answer is (b).
Q: What is"
21763a65765b5405c9a54484c2e54a72,A,"
A: So the answer is (a).
Q: What is"
60e92cd2f35c345872d1a898e1718d55,B,"
A: So the answer is (b).
Q: What is"
8b3b598a647dfd2d63fcedce5f461040,A,"
A: So the answer is (a).
Q: What is"
a4b4242fab25e86a9d7ffedcaecdcdbe,D,"
A: So the answer is (d).
Q: What is"
cc8eac9956f645533b8d7b99702e3507,E,"
A: So the answer is (e).
Q: What is"
9c596382ea15768f95b5ef9ceec191dc,E,"
A: So the answer is (e).
Q: What is"
36f1ceeecde7abf99dab635239e12442,C,"
A: So the answer is (c).
Q: What is"
77e2a0b469b56bea81921a4a945ffcb5,D,"
A: So the answer is (d).
Q: What is"
9b4bbf3c4d24ecdb4b27320afb706808,B,"
A: So the answer is (b).
Q: What is"
5d809e0ee19badc66071653630ea7c51,B,"
A: So the answer is (b).
Q: What is"
4fa0d61ec82eb1e238d8938d5f43f392,D," branches
A: So the answer is (d).
Q: What"
f11a2975898033893d6a38f75d791fdf,B,"
A: So the answer is (b).
Q: What is"
95acebea992a26c3a7c3bfb45845fa83,C,"
A: So the answer is (c).
Q: What is"
7bff23f6c12e9136f0961514bebb8cd3,D,"
A: So the answer is (d).
Q: What is"
092c24369367b3c7457198f3ce160fe3,C,"
A: So the answer is (c).
Q: What is"
a2daf73d33541af0846673afd8e49abe,A,"
A: So the answer is (a).
Q: What is"
08ad17d3ca1838b8724d21cf5921ec52,D,"
A: So the answer is (d).
Q: What is"
8b548832703a8c68a788e2f9c0e222ae,D,"shine
A: So the answer is (d).
Q:"
925232b4c9bba945a38ac7ef0f15f8d0,C,"
A: So the answer is (c).
Q: What is"
ff1bf2ec835c9df8695ae0cfb5281646,D,"
A: So the answer is (d).
Q: What is"
48abc2c113623fd72f758502529f93a5,B,"
A: So the answer is (b).
Q: What is"
b9121c3228f961c5ad68958c702cd94b,C,"
A: So the answer is (c).
Q: What is"
7a28d31e66d870370642de3be47b9ef9,A,"
A: So the answer is (a).
Q: What is"
34b2d6aecdb5af8efacf0b0aa7e3989f,A,"
A: So the answer is (a).
Q: What is"
5a6559db6bae37e3a8af7350be212219,D,"
A: So the answer is (d).
Q: What is"
24ceaf5c10863e73919b5f1b0f2db38e,E,"
A: So the answer is (e).
Q: What is"
21fb76bd8349628b441c76f47c33e77b,A,"
A: So the answer is (a).
Q: What is"
dfa23d3422b7294843447b6950d2b476,E," it is
A: So the answer is (e).
Q:"
22fc45d9e6d0baea4a5b0526504225b8,D,"
A: So the answer is (d).
Q: What is"
fee5ff19811750ad019665af7b36b3c4,D,"
A: So the answer is (d).
Q: What is"
b7ab4a5e0c19a98f41cd1ba3176f2dff,C,"
A: So the answer is (c).
Q: What is"
25136807f7b2e78b115698daa1677b4a,D,"
A: So the answer is (d).
Q: What is"
5649bd90dbb57e223fd843b7a4563a0f,B,"
A: So the answer is (b).
Q: What is"
926298bbdd03ce96acfeb4408b888b61,B,"
A: So the answer is (b).
Q: What is"
ec5a336080e37fbe95d72ad5f9c65ba7,E,"
A: So the answer is (e).
Q: What is"
536c9af0fae0aa75b32874dfcac66353,A," reunion
A: So the answer is (a).
Q:"
c7cb327fa4c0008efaa7741081a365d4,D,"
A: So the answer is (d).
Q: What is"
35ad89c198d5d6311a71c993bb7b6cba,C,"
A: So the answer is (c).
Q: What is"
a2e0f6b5651e5271fcff8d6f5c9adfee,A,"
A: So the answer is (a).
Q: What is"
d47986deb91d64b2b15d385da3d2f483,E,"
A: So the answer is (e).
Q: What is"
ceafca2445b1b974d085a8cce38e8e44,B,"
A: So the answer is (b).
Q: What is"
88d8bfb9dc8e77ef642acbe1a129f3db,D,"
A: So the answer is (d).
Q: What is"
716ce4404a84b42dd64e561390c4b53b,E,"
A: So the answer is (e).
Q: What is"
84a736d4b702a6869d8fa8523aee6f1b,D,"
A: So the answer is (d).
Q: What is"
194b66240f6fab75749c1e30ed09ea09,E,"
A: So the answer is (e).
Q: What is"
d1ad9b79f54205b6b9ac19a27f9c2be5,E,"
A: So the answer is (e).
Q: What is"
d21777d771dc6fd08e769d378651817e,B,"
A: So the answer is (b).
Q: What is"
f87f40db71a56b5beda3194550202dc9_1,C,"
A: So the answer is (c).
Q: What is"
73fbd2caac2c3786ca810adfe7030273,C,"
A: So the answer is (c).
Q: What is"
f2645d0ee8662b6553954cee7e77979e,B,"
A: So the answer is (b).
Q: What is"
d2871dc28c82471e5d7f71f79e49c257,D,"
A: So the answer is (d).
Q: What is"
b1fba9ad6193c6751ddb3f58f7f39b35,A,"
A: So the answer is (a).
Q: What is"
7b95825a19d6930d6aed35c7c57a2d82,D,"
A: So the answer is (d).
Q: What is"
e9d4c747018ff81b8c0aefb5abc3c539,B,"
A: So the answer is (b).
Q: What do"
e1403a7c581bc263aea2ed8d179826d1,A,"
A: So the answer is (a).
Q: What is"
d6ff2d749494d89e9c7a53f587c519f4,B,"
A: So the answer is (b).
Q: What is"
b9d22425a3d5810be9528a55245c8f09,B,"
A: So the answer is (b).
Q: What is"
651785ed4f7b0bd2e7ca9f70a42acea5,A,"
A: So the answer is (a).
Q: What is"
f5ec4fdfd0e37e733bfc1606b986f1e2,E,"
A: So the answer is (e).
Q: What is"
d3b145911a76fd6fbe9a23ab027be024,B,"
A: So the answer is (b).
Q: What is"
c0e4d0118c9cdfe2edc49ef954572b31,C,"
A: So the answer is (c).
Q: What is"
37d88a9bb24913c1973cc26d4ce3394f,E,"
A: So the answer is (e).
Q: What is"
3fe45ab3bd4a844ea290050fc0ece8c1_1,E,"
A: So the answer is (e).
Q: What is"
cabefb7063a728e77abd44d97397a2a4,C,"
A: So the answer is (c).
Q: What is"
54ecb521df1d0f5b130a393c42b4126d,B,"
A: So the answer is (b).
Q: What is"
d81f5c49bc060dc799681bf4cacac73a,D,"
A: So the answer is (d).
Q: What is"
0a5c069836784c3d574828d85a20a074,D,"
A: So the answer is (d).
Q: What is"
c7526b682e64f355384631b35cd78fc9,B,"
A: So the answer is (b).
Q: What is"
8494b0b95533dcedbd76ae2916c481d4,D,"
A: So the answer is (d).
Q: What is"
52f3eb6c9a6b9671050fc769d465ed03,A,"
A: So the answer is (a).
Q: What is"
cfc7fccb8449a2a950c9d2a50991420e,E,"
A: So the answer is (e).
Q: What is"
87a133afae5d9d29d634f3384f28ef24,E,"
A: So the answer is (e).
Q: What is"
225287e06c993feee34e0f06b25f6ba8,B,"
A: So the answer is (b).
Q: What is"
a4892551cb4beb279653ae52d0de4c89,D,"
A: So the answer is (d).
Q: What is"
ffde211723f55e9744f94cbc14488a23,D,"
A: So the answer is (d).
Q: What is"
dba51270f789c75a2e38a5201b124d99,E,"
A: So the answer is (e).
Q: What is"
7192c9f5c513aac9042bad595ff5af9f,E,"
A: So the answer is (e).
Q: What is"
f7b96f195a7adfe0c74924a165cfd055,B,"
A: So the answer is (b).
Q: What is"
350292ae429060a00ff2cf64d71558e4,E,"
A: So the answer is (e).
Q: What is"
db63bf66a8bfd16e5103cbdd350f5202,E,"
A: So the answer is (e).
Q: What is"
48205cc84aab5e455b22e17c3cc7277d,B,"
A: So the answer is (b).
Q: What did"
f09038444aeb1a048f04dedd5b97b769,D,"
A: So the answer is (d).
Q: What is"
533599262a5dae7c7137cfe69e0e24fb,B,"
A: So the answer is (b).
Q: What is"
c74ae684ba6c76e2a913493483678c9d,E,"
A: So the answer is (e).
Q: What is"
c1c73ef0ff662a76cd42c3500240974a,D,"
A: So the answer is (d).
Q: What is"
81e016974d33fe383c848b6c819791cd,B,"
A: So the answer is (b).
Q: What is"
6acd88b9b5dd15e23bbcc3fd679100a8,A,"
A: So the answer is (a).
Q: What is"
20ae70b9b157b298569cd761787833e7,E,"
A: So the answer is (e).
Q: What is"
ec224c1dbfb569cce7ec317fe987ae68,E,"
A: So the answer is (e).
Q: What is"
ddd606743cf71679438a85280f64593a,A,"
A: So the answer is (a).
Q: What is"
ac1abecdbbd7bcde6592ca645c2ecb1e,E,"
A: So the answer is (e).
Q: What is"
275c859994f7d3acd3c8863be591ab2c,B,"
A: So the answer is (b).
Q: What is"
fcd39cfa321728fea069a6ae4285b06f,D,"
A: So the answer is (d).
Q: What is"
1e5a138b4c7d456c37abf4990b402bbe,C,"
A: So the answer is (c).
Q: What is"
2b416120e2fbd84b44b5dcd4eb42ed5c,D,"
A: So the answer is (d).
Q: What is"
ace8fa2943ba8414aebdb74b48906fae,A,"
A: So the answer is (a).
Q: What is"
63f7ad481a63fc8c6dffe00519d4a167,A,"
A: So the answer is (a).
Q: What is"
083861fc5ebb9226fff70544f3f83d2b,C," room
A: So the answer is (c).
Q: What"
5655a3002dd9a6b7dabede1dd26a5893,D,"
A: So the answer is (d).
Q: What is"
eb6807290df71b040e2c7bcc5d11fdea,A,"
A: So the answer is (a).
Q: What is"
f646f3e064f06423fc25b98500796cf0,E,"
A: So the answer is (e).
Q: What is"
320ec9b68fdefe13d59cc8b628083790,D,"
A: So the answer is (d).
Q: What is"
998381f854f51da2a6ccde45909e5168,D,"
A: So the answer is (d).
Q: What is"
57b83653d82b27d32bc39228130f3516,E,"
A: So the answer is (e).
Q: What is"
ad8ee2965a33ff4b0e3d2ac732676594,E,"
A: So the answer is (e).
Q: What is"
f48528156632b9c5b18af9ce2095509b,C,"
A: So the answer is (c).
Q: What is"
dd4a811d18549f1ae1954cf938b28536,C,"
A: So the answer is (c).
Q: What is"
2192c5c2145a6e03755ad89a02e64055,B,"
A: So the answer is (b).
Q: What is"
912676495cceefadccbbf8c604486f97,E,"
A: So the answer is (e).
Q: What is"
7d70208061ae3185bcfc9e912ee9e141,A," on
A: So the answer is (a).
Q: What"
85ebdd4f1a3c2ac900eee8e75e48ccaa,E,"
A: So the answer is (e).
Q: What do"
4f23829b96b38b5633ecc3325281726d,C,"
A: So the answer is (c).
Q: What is"
84a761f516efce04ab27d7ca8dd25255,E,"
A: So the answer is (e).
Q: What is"
52ab95f9216f1994e37cc08f7f258f13,E,"
A: So the answer is (e).
Q: What is"
65432eb6e617514d863a465f38865fde,A,"
A: So the answer is (a).
Q: What is"
e216381e9f0ddd1d248ee25fccca2b1f,E,"
A: So the answer is (e).
Q: What do"
aaf4fa38433c84b3bd0a86551259ce62,D,"
A: So the answer is (d).
Q: What is"
36c1f50eec01c287b8ef6ffe69fe0528,A,"
A: So the answer is (a).
Q: What is"
96ea2c3174229c4a6a0e2ffaed2df378,B,"
A: So the answer is (b).
Q: What is"
7ec11eeca4221795c117943ca2639e86,E,"
A: So the answer is (e).
Q: What is"
d00d3ba777cb3889a45799d72fca0a50,C,"time
A: So the answer is (c).
Q: What"
400fb2e196e71abb70e5b3f9aab4b9ee,E,"
A: So the answer is (e).
Q: What is"
d60c5a494539c66982c0f692afde9499,B,"
A: So the answer is (b).
Q: What is"
7bb87c6d8eab57d4e983f60025b1f0dc,D,"
A: So the answer is (d).
Q: What is"
d6644eacdb543a60545d2eb1ac7e6dbd,A,"
A: So the answer is (a).
Q: What is"
fe2a21ddb1bde76025a961126044a9a3,D,"
A: So the answer is (d).
Q: What is"
0e52659484f2f6d763cf0d38d4c5999d,E,"
A: So the answer is (e).
Q: What is"
e567c94d88829fb07a30e3d46c02e664,E,"
A: So the answer is (e).
Q: What is"
290fac9f881a83d8bfb34355f8e71044,E,"
A: So the answer is (e).
Q: What is"
03ee30b5801b61aee791a551a9d9a49f,A,"
A: So the answer is (a).
Q: What is"
75cb55aec7e64f592c01eee5d4578dcd,B,"
A: So the answer is (b).
Q: What is"
3a3b5d4a517ef70d25eb558f1a622937,E,"
A: So the answer is (e).
Q: What is"
0af371b94fb414860b13eea6009ccc31,D,"
A: So the answer is (d).
Q: What is"
e3949997bf9d02048cfa5d8dd0f287aa,E,"
A: So the answer is (e).
Q: What is"
32758ab86d888be680845b0dfe7de35e,E,"
A: So the answer is (e).
Q: What is"
7b7941b883328ad39048d4dfb1eb5623,B,"
A: So the answer is (b).
Q: What is"
c5c4166f2ed3c2b3517b79e6848e9ae2,D,"
A: So the answer is (d).
Q: What is"
5758a0fb686071e95d95b1cfad5299a0,C,"
A: So the answer is (c).
Q: What is"
449de58e919975867255218484a9fc89,A,"
A: So the answer is (a).
Q: What is"
001b0f5a841fd81d13fbe67c7c7179d6,E,"
A: So the answer is (e).
Q: What is"
fb64149cf01c5b496d986f56852273e9,D,"
A: So the answer is (d).
Q: What is"
abd30bab9b96f902fead5378d4f4a1e4,C,"
A: So the answer is (c).
Q: What is"
6714593a8d1f8ae39930c1f0316e9ffc,D,"
A: So the answer is (d).
Q: What is"
3095078e4771053d9d5fa8d4f5f3dc38,C,"
A: So the answer is (c).
Q: What do"
79c3378b7660d328902d7c0ad442a37f,E," the victim
A: So the answer is (e).
Q:"
7ea9f721ffc662918bb0c0937a487f04,D,"
A: So the answer is (d).
Q: What is"
26c854d933d2115e7636fdcde57eb463,E,"
A: So the answer is (e).
Q: What is"
7bc1198664b376f79d584725ad7f874b,D,"
A: So the answer is (d).
Q: What is"
cd39e442204d3edf7acc185fd59c8a44,D,"
A: So the answer is (d).
Q: What is"
26ce83b8e9a263079aa8cdbd5258d667,D,"
A: So the answer is (d).
Q: What is"
8cf478192696744b3427f7c109019af5,B,"
A: So the answer is (b).
Q: What is"
a5e207803684eea8a43ca6670c50b354,E,"
A: So the answer is (e).
Q: What is"
7ed7379fc51fd35a47be022f6c56ce51,B,"
A: So the answer is (b).
Q: What is"
f21ef67b31bd36a3174b6b4c7b4bbc7b,E,"
A: So the answer is (e).
Q: What is"
83808e92381b2e5f4cdf55d1391645ae,E,"
A: So the answer is (e).
Q: What is"
ff0303db294a823d4138fb81a6ee6438,A,"
A: So the answer is (a).
Q: What is"
9190efbd77fe10b989fcaae35e208a0f,D,"
A: So the answer is (d).
Q: What is"
e89a2762d578cb7bc2cc0a5b2a16d933,E,"
A: So the answer is (e).
Q: What is"
fb54a118d46b2776e435d411ae3dd9c8,D,"
A: So the answer is (d).
Q: What is"
88501d528c855e2b533b3fea2f86183d,D,"
A: So the answer is (d).
Q: What is"
4da33e6f4b789776acb1bc10195baa83,B,"
A: So the answer is (b).
Q: What is"
6a29b657b29e1506284d8328dffbbd21,D,"
A: So the answer is (d).
Q: What is"
0f54a1ee30a0034a3d2db1bfdef9ca85,C,"
A: So the answer is (c).
Q: What is"
4e3f85dc92eaad4ae6bc6529d62e382c,B,"
A: So the answer is (b).
Q: What is"
83250ae2dfeb2e3886ead4cde8e1290f,C,"
A: So the answer is (c).
Q: What is"
b8937a30f25093910c040f4e63e1d352,C,"
A: So the answer is (c).
Q: What is"
cc1a547bdfdcc95e4d632453af14bc96,D,"
A: So the answer is (d).
Q: What is"
ad769851a59375865607452d3bf2a45d,B,"
A: So the answer is (b).
Q: What is"
42c46e28baf0fc617a07419286178c0a,E,"
A: So the answer is (e).
Q: What is"
5516b1c93f94aaa0bf9a4c7b124788d4,A,"
A: So the answer is (a).
Q: What is"
e3426e4f60c142aa3d813479f79d6305,D,"
A: So the answer is (d).
Q: What is"
9b631734e72a0e559da153492c1e7894,B,"
A: So the answer is (b).
Q: What is"
6bd176cc91a2a2088807ec446c008856,A,"
A: So the answer is (a).
Q: What is"
1520a8fd3116e7b856947c5e308d7ce5,B,"
A: So the answer is (b).
Q: What is"
e63a210053cf7f961ca0b5a7e6eb355d,C,"
A: So the answer is (c).
Q: What is"
f116ee6620c0f171e5db54bc03a5f2e2,C,"
A: So the answer is (c).
Q: What is"
d910859b9d1acae40456dbeaa8334bc0,C,"
A: So the answer is (c).
Q: What is"
8e1b0792e441a5d54ae47a4b24f48977,D,"
A: So the answer is (d).
Q: What is"
bbcef409e0acb71b515acc144d5b402c_1,D,"
A: So the answer is (d).
Q: What is"
3e12400bc5a2038a747edf2605787fe8,C,"
A: So the answer is (c).
Q: What is"
1d24f406b6828492040b405d3f35119c,E,"
A: So the answer is (e).
Q: What is"
08d3175de59a639be02f2ebc032d56bd,E,"
A: So the answer is (e).
Q: What is"
1ca3cd9475d7e9da2ddb74911ee2bb68,E,"
A: So the answer is (e).
Q: What is"
9382bc51ba092f55a494eff8615899de,C,"
A: So the answer is (c).
Q: What is"
46241bc83e8d81196ae5783b2b9854a4,E,"
A: So the answer is (e).
Q: What is"
2c13e6d61e3733db90a9fd22d72b3337,C,"
A: So the answer is (c).
Q: What is"
ac6f0e24dd6203cda43e1089dcf081d6,D,"
A: So the answer is (d).
Q: What is"
eee8cb7a0d806a62d2de24831f82e3e1,A,"
A: So the answer is (a).
Q: What is"
6a253e076cd2af00e17d9950d70daf47,A,"
A: So the answer is (a).
Q: What is"
3884d82524f2337ce53ce64776293cf7,D,"
A: So the answer is (d).
Q: What is"
a00276c6db928900772c0320aeff77c0,B,"
A: So the answer is (b).
Q: What is"
f4bb8ecacb9ce89e040f5f76bc79afb3,B,"
A: So the answer is (b).
Q: What is"
d6c002d46d9bfa466637cec4a134f332,D,"
A: So the answer is (d).
Q: What is"
d03e09b22927542d6b0d5ebe233e467c,D,"
A: So the answer is (d).
Q: What is"
b4f79ca5f3595248ee25292ab60ad105,A,"
A: So the answer is (a).
Q: What is"
ed50555f8db2b8f66caf9868dcd7e13b,D,"
A: So the answer is (d).
Q: What is"
4eb3e69c0d42a2287692d2b9d2cb5979,B,"
A: So the answer is (b).
Q: What is"
0b90c6710a65eb55fea4cc92895bf601,E,"
A: So the answer is (e).
Q: What is"
584188da9a429f1bc319abda5e5c7a76,D,"
A: So the answer is (d).
Q: What is"
d986f17acb3ed19c77e3ca3f98c026b9,D,"
A: So the answer is (d).
Q: What is"
2e83c5989a018bec6d5f5ac7d3b72f49,B,"
A: So the answer is (b).
Q: What is"
edd1634d911614590c6b8ca730df95fe,D,"
A: So the answer is (d).
Q: What is"
f537f6bb8527724e0b1e1c1051326cd5,D,"
A: So the answer is (d).
Q: What is"
8bbfe8cd056d612e9d3190f278bef287,C,"
A: So the answer is (c).
Q: What is"
3938d6e50d38b1f8774b4f00a89bdb39,C,"
A: So the answer is (c).
Q: What is"
820df15b615d221e38a71fcc44461085,D,"
A: So the answer is (d).
Q: What is"
65435b996ce9d1685bebb74b49c1ba7f,C,"
A: So the answer is (c).
Q: What is"
1a8b3c2a46efabcbd506f9cf70886ed0,E,"
A: So the answer is (e).
Q: What is"
caccaa51ee960a92d44e5b949fc35a66,E,"
A: So the answer is (e).
Q: What is"
8af63d58cc35061dec38e5448c325988,E,"
A: So the answer is (e).
Q: What is"
489a082aab43dd1a53f3f1f89c2365ed,A,"
A: So the answer is (a).
Q: What is"
9698232e3599157431c9dc8f2fe179cd,B,"
A: So the answer is (b).
Q: What is"
07ea8ff6ee916f2bf9aceab1e19ff99a,D,"
A: So the answer is (d).
Q: What is"
49e466b1782aa4837dae53ff891fcdee,B,"
A: So the answer is (b).
Q: What is"
1be8ec824eb0c7218b6bc160fd191428,D,"
A: So the answer is (d).
Q: What is"
858a5eaa587fe0e266722228671a6bd1,A,"
A: So the answer is (a).
Q: What is"
43df3a316880d8bab346c06bd43b94dd,D,"
A: So the answer is (d).
Q: What is"
43ba9669564217f2f909f33acbedaf95,B,"
A: So the answer is (b).
Q: What is"
f36027954e43cfd926451bdf7cb0c3ac,D,"
A: So the answer is (d).
Q: What is"
d9835ede7a0ed79325de13ca95b85b78,D,"
A: So the answer is (d).
Q: What is"
8ae24d3ff199077a59e0d970feb665b7,A,"
A: So the answer is (a).
Q: What is"
20a3bb788cf408d9a3e25e610fe60905,D,"
A: So the answer is (d).
Q: What is"
6bc3ebcfd04965c25bde71339955746c,B,"
A: So the answer is (b).
Q: What is"
a2cd03ed068f6d613e85f3a60f4db0a1,D,"
A: So the answer is (d).
Q: What is"
3338109fcafaaa370c8900a53e1b3ed8,A,"
A: So the answer is (a).
Q: What is"
e313d7967f72c2b880213daaaf4b7181,E,"
A: So the answer is (e).
Q: What is"
1f3ccb722600da7d862531416934949a,C,"
A: So the answer is (c).
Q: What is"
3c90a632f46aeab11fbb73aa59a33892,B,"
A: So the answer is (b).
Q: What is"
7d937233b4a9043da0b976dbd42d141b,B,"
A: So the answer is (b).
Q: What is"
720b98fbc365736597147c984f6bd301,B,"
A: So the answer is (b).
Q: What is"
5ac83e9e6fa9851ad3cccb0d57c1d88f,C,"
A: So the answer is (c).
Q: What is"
e68fb2448fd74e402aae9982aa76e527,A,"
A: So the answer is (a).
Q: What is"
ef3d5d35128678937c36438466e0fc93,E,"
A: So the answer is (e).
Q: What is"
22458fdcead20e2def0df0d92d5806f6,E,"
A: So the answer is (e).
Q: What is"
d1d2585e0ba1160948b7c5822a99b7a1,B,"
A: So the answer is (b).
Q: What is"
66275550d64d16339c944e6a6d63eb5b,A,"
A: So the answer is (a).
Q: What is"
6eb57102b44ab74163d8f9821cbdabd0,D,"ize
A: So the answer is (d).
Q: What"
f912bcd7479b76db9b1c57a612b90f00,B,"
A: So the answer is (b).
Q: What is"
02f43014a135cbd39f23b044c99de96e,A,"
A: So the answer is (a).
Q: What is"
8a69e6df5e8ad6c9e6828aa66c59d046,D,"
A: So the answer is (d).
Q: What is"
91f512273a2da7ae796919069b20d6cf,E,"
A: So the answer is (e).
Q: What is"
28aac6d39cdd270d2a6a28e1985484cb,C,"
A: So the answer is (c).
Q: What is"
5de3248caa2e5ed83dd0ec45a15eae18,C,"
A: So the answer is (c).
Q: What is"
6544a50bf9563d52dbd2034e81df0bf3,D,"
A: So the answer is (d).
Q: What is"
094fe91b20b03c647325fa2ee94470b3,E,"
A: So the answer is (e).
Q: What is"
5f4825137a27f369fe859e85dfe1793f,A,"
A: So the answer is (a).
Q: What is"
bcc5dd6292a64d8fa17cd07c360b335d,C,"
A: So the answer is (c).
Q: What is"
5d15989039d46156b417c149728591de,B,"
A: So the answer is (b).
Q: What is"
67ffcb4c3f2c6a1155e356f8a15ed250,E,"ning jar
A: So the answer is (e).
Q:"
0b25bbd9e9aa976655e1975e31331709,D,"
A: So the answer is (d).
Q: What is"
5a1c8a9dbbb60e523cc1ba14a370729c,E,"
A: So the answer is (e).
Q: What is"
66bfb6e209c94e6be5b0d04b0c7e2064,E,"place
A: So the answer is (e).
Q: What"
e480d4a672af0194e0a6ccdb8c37499b,D,"
A: So the answer is (d).
Q: What is"
6cb895ce89995f6be422f7c4167c7638,A,"
A: So the answer is (a).
Q: What do"
7bb279e38a1c9eb47a0c7af979a131a2,D,"
A: So the answer is (d).
Q: What is"
2b9b625c788584b8d41f1a74d740e126,D,"
A: So the answer is (d).
Q: What is"
e75e0c11e2d5a7b634455a1b4b76856c,B,"
A: So the answer is (b).
Q: What is"
6b1f5ebd9d0dbc7e34a598456a6091a8,C,"
A: So the answer is (c).
Q: What is"
8fd82cdc253835814153fe7222e9967c,E,"
A: So the answer is (e).
Q: What is"
e5ad2184e37ae88b2bf46bf6bc0ed2f4,D,"
A: So the answer is (d).
Q: What is"
59eb56f366407ac7db72996be265883b,D,"
A: So the answer is (d).
Q: What is"
c0e7fa3e39a2d9af2c323416015729dc,B,"
A: So the answer is (b).
Q: What is"
1ab746bcd100ccf513055fe93c61010b,B,"
A: So the answer is (b).
Q: What is"
4706be6e24f1fafd9ff9fe63583acffd,D,"
A: So the answer is (d).
Q: What is"
456f2fb41cac8c028dcfe2f48637e473,E,"
A: So the answer is (e).
Q: What is"
11416df796f63d2f0dddc846b9c139d3,D,"
A: So the answer is (d).
Q: What is"
467a3b464b08b3ffc9922e2a726554f6,D,"
A: So the answer is (d).
Q: What is"
8c3c6b34bdb650a6517bca3786406c99,E,"
A: So the answer is (e).
Q: What is"
7c8bc9c0e56389eef033bca40c88c151,D,"
A: So the answer is (d).
Q: What is"
acf6b667e9353b1743b7c4f60a6a9017,C,"
A: So the answer is (c).
Q: What do"
ca9a3ccfb140aa66816f96ac983b6d9f_1,C,"
A: So the answer is (c).
Q: What is"
e43c4eaa04243ddee30f29171718eb92,A,"
A: So the answer is (a).
Q: What is"
aa7c4c351cf8d59792aa68e3de339db4,B,"
A: So the answer is (b).
Q: What is"
2729d8502208c25d8e9293cd4e8ecbb5,C,"
A: So the answer is (c).
Q: What is"
f192cfacbaa2f7e0e879f673c8e076a7,C,"
A: So the answer is (c).
Q: What is"
5abeb4a2126597d4ef7b5a32e9e22abf,E,"
A: So the answer is (e).
Q: What is"
23d97480fe45bace231503f8fc367a5b,E,"
A: So the answer is (e).
Q: What is"
77ddc9134bb27f9962aa2ed5ec5a5ef9,D,"
A: So the answer is (d).
Q: What is"
80c19c62338edae0e8a1f5c6fec0d29a,B,"
A: So the answer is (b).
Q: What is"
d312741df1b14bcbe358f4f30aff3994,E,"
A: So the answer is (e).
Q: What is"
b94a9764acff078b52a9cbae04661dc9,A,"
A: So the answer is (a).
Q: What is"
9ed019338a48216de9eadf64faaf1ce0,E," table
A: So the answer is (e).
Q: What"
5bba03b425f5abc6e017f194cf074b06,B,"
A: So the answer is (b).
Q: What is"
fc59ab1a9e6d2b51126dd828d30e9167,D,"
A: So the answer is (d).
Q: What is"
bc268cd19e2c95c78967fd6b9092fb90,A,"
A: So the answer is (a).
Q: What is"
870b07a1c5af2e956673a9680da99852,D,"
A: So the answer is (d).
Q: What is"
411e50225637b76187cc36b24fe3127c,C,"
A: So the answer is (c).
Q: What is"
e1f90cd664a6b150291e6d8444d85c54,E," person
A: So the answer is (e).
Q: What"
63db79b940f36f0333377f85c19eacb2,D,"
A: So the answer is (d).
Q: What is"
ea82f9e938cbfce85fb498ce46264253,C,"
A: So the answer is (c).
Q: What is"
f481dc35b0a97a20dc5cdfe1a59746e2,B,"
A: So the answer is (b).
Q: What is"
6c84e79d0595efd99596faa07c4961d0,C,"
A: So the answer is (c).
Q: What is"
c865b3547c2a2e3c3916d7be6ab25752,C,"
A: So the answer is (c).
Q: What is"
e5adfec0b5ba691ec752f9b5e0fb8084,D," room
A: So the answer is (d).
Q: What"
5622e49306bb82ec1cec817ad0506c60,C,"ny
A: So the answer is (c).
Q: What"
ea33206992fb7ad1c3476e9673bb4a9c,D,"
A: So the answer is (d).
Q: What is"
11d7db1d8e1cff2f40d4184f15cf7ae7,B,"
A: So the answer is (b).
Q: What is"
72611791cdcb040f2d699827fb9cebc4,C,"
A: So the answer is (c).
Q: What is"
be2cb9c96069ac355a7ccef262743d14,B,"
A: So the answer is (b).
Q: What is"
e145618c2062eb9ea8928fdb0d42185e,D,"
A: So the answer is (d).
Q: What is"
01f01cc3ad152773ef42b30e926912bf,A,"
A: So the answer is (a).
Q: What is"
0bbb82c1dc4bfd3b0e0c409a0afd248b,A,"
A: So the answer is (a).
Q: What is"
66458bf8599c3ef1e7b50fa527531882,E,".
A: So the answer is (e).
Q: What"
9aff72f0c480c2b4edde45bd2e7e4870,E,"
A: So the answer is (e).
Q: What is"
c55c31b5a2aa996f3b75ad88c017a6b9,B,"
A: So the answer is (b).
Q: What is"
2f97a77d155cb99092e8a7c055737b03_1,D,"
A: So the answer is (d).
Q: What is"
9ae52783d8fdb5cc2e8caa01542c3341,E,"
A: So the answer is (e).
Q: What is"
2c0030cc14a27be2401dcfdaa501f0fc,C,"
A: So the answer is (c).
Q: What is"
5279a2ea333ba8a5bf3a7637a7279da1,E,"
A: So the answer is (e).
Q: What is"
d0bd5b5ee7319d1c4727e38d429dd54e,E,"
A: So the answer is (e).
Q: What is"
21ce6f7c5c3d1ad8cf234988c1ad471f,B," court
A: So the answer is (b).
Q: What"
6a0177586d506cb7b741f4207b428e42,B,"
A: So the answer is (b).
Q: What is"
5d4233146435ab0ca211e8ac9bfce76f,D,"
A: So the answer is (d).
Q: What is"
49b4c9e1bd7946a819e173ce8fa4c7c9,E,"
A: So the answer is (e).
Q: What is"
81eb4b2ee66edd8bc91ee944697c4e9f,D,"
A: So the answer is (d).
Q: What is"
1fe90a4aee405e1aa2279442d28803ae,E,"
A: So the answer is (e).
Q: What is"
07b51b231a9d6a143d8a73e69121e1b1,B,"
A: So the answer is (b).
Q: What is"
5c2bc4335c8860342ec2d568ceb6ac6b,C,"
A: So the answer is (c).
Q: What is"
ef889edd1b57d8d0c81e43f73c98c8e9,A,"
A: So the answer is (a).
Q: What is"
5b8a3081c3235d62bc77e2d15f3ad454,A,"
A: So the answer is (a).
Q: What is"
1a4e83b433620cb2d7d806882f8d57e4,A,"
A: So the answer is (a).
Q: What is"
8b23cd355ffc8b6e7aa5459ffb21b4e0,D,"
A: So the answer is (d).
Q: What is"
952cf4b2f7a434b2eeae9f4c7ed89c0a,E,"
A: So the answer is (e).
Q: What is"
e248968fec422e1fab0f0561fedff76e,A,"
A: So the answer is (a).
Q: What is"
0b52cc905fff0ca69a45e6353d10e401,A,"
A: So the answer is (a).
Q: What is"
cf33e0f5891ce53a716432be06a46ee1,C,"
A: So the answer is (c).
Q: What is"
4858669d0193e5d9384dc37d4bb5c00c,A,"
A: So the answer is (a).
Q: What is"
53e1e50d204f6ad5a0f69429eadae82e,A,"
A: So the answer is (a).
Q: What is"
17d9bfaee1efac51b1ca240125bc5977,D,"
A: So the answer is (d).
Q: What is"
0f0e339412f719a019bf373e6daf2530,A,"
A: So the answer is (a).
Q: What is"
d35a8a3bd560fdd651ecf314878ed30f,D,"
A: So the answer is (d).
Q: What is"
0d66d33a17e41eaa3278ca7b3930c5ea,E,"
A: So the answer is (e).
Q: What is"
a5e76dd088aab4f89e2fe93f6de6e46d,D,"
A: So the answer is (d).
Q: What is"
39572e0ba1db51fa74f7fc2d90c5ec7f,D,"
A: So the answer is (d).
Q: What is"
f0d473701d52125dd055d23042de1b0d,B,"ed
A: So the answer is (b).
Q: What"
b1f36d1c8ab7e5a28783cb38e8709c27,D,"
A: So the answer is (d).
Q: What is"
dc2fa76467ff342abdb4cf142f92dddd,B,"
A: So the answer is (b).
Q: What is"
2ef2ae21a2d3a9ecbd5c45ff378d10e3,C,"
A: So the answer is (c).
Q: What is"
15b090801256085ad465e74af47cbee9,C,"
A: So the answer is (c).
Q: What is"
273d0134e8ce53d4ebcf41ca7fde02af,E,"
A: So the answer is (e).
Q: What is"
b148f18fb8b5a504b67078ef6ac29717,D,"
A: So the answer is (d).
Q: What is"
adf228312401c9ff421a4da1b46bb70a,B,"
A: So the answer is (b).
Q: What is"
94f34cc1e6aa9eefe06563cce8225658,D,"
A: So the answer is (d).
Q: What is"
a588407ecaecf0f30c2241c30b470fe2,A,"
A: So the answer is (a).
Q: What is"
07a99d5f2ca7028febeb9f09604b36c8,E,"
A: So the answer is (e).
Q: What is"
7ea57ee4580042b0a6a40479c8ace3e4,E,"
A: So the answer is (e).
Q: What is"
ead9c9744aee08678759158efe005175,C,"
A: So the answer is (c).
Q: What is"
799e48ec7fb16415c8f82828c5761ed1,B,"
A: So the answer is (b).
Q: What is"
b33047f46db680a9b630c13e8ca115cc,D,"
A: So the answer is (d).
Q: What is"
cb6766fb25daee911fc8e9816b98938c,E,"
A: So the answer is (e).
Q: What is"
847dbf5b73c3e8d49bb9a36491d95e79,E,"
A: So the answer is (e).
Q: What is"
a656e74a943f9e2698a25bbcfb4e96db,C,"
A: So the answer is (c).
Q: What is"
e172a93c72d305ee8262a8deb00d9fc3,A,"
A: So the answer is (a).
Q: What is"
118a9093a30695622363455e4d911866,B,"
A: So the answer is (b).
Q: What is"
70d3ebc00b165d9d08f9491a1dd85034,D,"
A: So the answer is (d).
Q: What is"
5d687fe9c95436ce84230c996d34382d,B,"
A: So the answer is (b).
Q: What is"
bdd29d7c12e3d795b78ffc048631e7e7,D,"
A: So the answer is (d).
Q: What is"
05490e6c191fbc3c2fe0033ed0bd8aa0,D,"
A: So the answer is (d).
Q: What is"
a7f54ee1866d5db34eacf40efa53c93e,C,"
A: So the answer is (c).
Q: What is"
15c38f66e811d6ed68cde931bc31d93c,E,"
A: So the answer is (e).
Q: What is"
384b89e789e0f4b4796120394fb6303b,D,"
A: So the answer is (d).
Q: What is"
5393ba1ce298bd1ac4744c07d7373a9c,E,"
A: So the answer is (e).
Q: What is"
41bab71fea3fa04e5a4e10a2f86996df,D,"
A: So the answer is (d).
Q: What is"
5a7f6fd97b2c9ad05f773bc8b2ecf441,D,"
A: So the answer is (d).
Q: What is"
1ab04c0501b815b2a48f2581f04215a8,B,"
A: So the answer is (b).
Q: What is"
4336a8c55b7cb17275d1c60206cd2f18,E,"
A: So the answer is (e).
Q: What is"
768fb09deab56046e1565b6a2556ad5c,E,"
A: So the answer is (e).
Q: What is"
0f7419d25337e0a75503a015ae777905,A,"
A: So the answer is (a).
Q: What is"
60e7338e9e6bfc746a15a161eb12706c,C,"
A: So the answer is (c).
Q: What is"
27f2074270ea8a5e8f5ec2a017ec4a50,C,"
A: So the answer is (c).
Q: What is"
a15d564d0be6996251b5d523ac62db2a,E,"
A: So the answer is (e).
Q: What is"
87505da761eaa5c3c4703d02a12d46bc,C,"
A: So the answer is (c).
Q: What is"
63cf1adb5fe302b9867ead8bc8103d0b,D,"
A: So the answer is (d).
Q: What is"
191e3c676f05a11d6b2565d8c27d2001,A,"
A: So the answer is (a).
Q: What is"
8d3dc21a53523850ec80771daaa5ff20,C," improvement store
A: So the answer is (c).
Q:"
24eebfa678112100803da16dde148b2d,A,"
A: So the answer is (a).
Q: What is"
8f01273422a370a8dbda6bf473a395a0,E,"
A: So the answer is (e).
Q: What is"
76b2c6d254f9127b4fd66d90e1a330e7,B,"
A: So the answer is (b).
Q: What is"
ab2eb930b29bb6d5e94a6cd3b04ba01e,B,"
A: So the answer is (b).
Q: What is"
2ca05683157a3cd89d82016f13e560ec,B,"
A: So the answer is (b).
Q: What is"
7c62637437ad7515452886074010a438,A,"
A: So the answer is (a).
Q: What is"
8becd2ee4e86258566a9c2b0e6d9544e,B,"
A: So the answer is (b).
Q: What is"
08f3c187908646997b9080c7e9ea7da4,D,"
A: So the answer is (d).
Q: What is"
a80ee7775e934c423012fe98e20ba28b,E,"
A: So the answer is (e).
Q: What is"
c7327a1a7d12b6cc0740fc9446270e02,E,"
A: So the answer is (e).
Q: What is"
c611875b43b67b91030b889b267bbcb3,A,"
A: So the answer is (a).
Q: What is"
a38df3e750b1edd30f905e17af803c61,C,"
A: So the answer is (c).
Q: What is"
a7d51b753c2113d8b2dbd0ebb5375855_1,D,"
A: So the answer is (d).
Q: What is"
2f0931adc3d0d422d9ab6264395e89d8,D,"
A: So the answer is (d).
Q: What is"
e4976ee741cf4b28b8a42780ffb15774,B,"
A: So the answer is (b).
Q: What is"
4015ab002ff8c233d1c7ef26f5156b88,E,"
A: So the answer is (e).
Q: What is"
b6b66d4519a84b8331ea55f84767e9df,D,"
A: So the answer is (d).
Q: What is"
ada088b7c97de80336ad043757c2db16,A,"
A: So the answer is (a).
Q: What is"
9a23a7f04e63bf9f4c7dfe50c58abfd2,E,"
A: So the answer is (e).
Q: What is"
1f492f556fae64f72ce36b6caa242dd0,C,"
A: So the answer is (c).
Q: What is"
c036ce033bc429ac1aba0a6ac8d057e1,B,"
A: So the answer is (b).
Q: What is"
db1eb157671109bbb9113b0f71a6b957,C,"
A: So the answer is (c).
Q: What is"
597d2a1c9df7962218d8b807df1f8212,E,"
A: So the answer is (e).
Q: What is"
56417ee33b44f0d916bedfb6fd99b0ec,D,"
A: So the answer is (d).
Q: What is"
f8a2cbc7189b92a809ce9cd857030621,B,"
A: So the answer is (b).
Q: What is"
76b6f0765a3b2fba71021f902142edc0,E,"
A: So the answer is (e).
Q: What is"
9a356ff463c042d04ba45bfd627bac20,D,"store
A: So the answer is (d).
Q: What"
c961578f4c5768b67b843e5d2ce18452,D,"
A: So the answer is (d).
Q: What is"
a018d65a74b9e77d81014fd8f6d78f77,D,"
A: So the answer is (d).
Q: What is"
5496c7293f653120e5a5213db2d7b103,E,"
A: So the answer is (e).
Q: What is"
1510f5183095466e4fe41b82501a9dd0,C,"
A: So the answer is (c).
Q: What is"
ca60a46c9007e4b6213f50bfb5342fdd,E,"
A: So the answer is (e).
Q: What is"
84ea43b967259814d939c62131f74df0,B,"
A: So the answer is (b).
Q: What is"
43a91955fd0717997a16897c3324e095,D,"
A: So the answer is (d).
Q: What is"
1ac54dbf6b67f27daa3d456416047584,D,"
A: So the answer is (d).
Q: What is"
ecb8758b0d088f9aedc182a516dd1190,E,"
A: So the answer is (e).
Q: What is"
3b8be90fdd8c67571d8d692eaa6dd87b,D,"
A: So the answer is (d).
Q: What is"
38ab26e29a0984b212006d39185c43f3,B,"
A: So the answer is (b).
Q: What is"
fd5a34e94303d7fd343de2a8f36943d5,E,"
A: So the answer is (e).
Q: What is"
fff554fffa1a0adc64b8d1e21d55534b,C,"
A: So the answer is (c).
Q: What is"
2c9f4a98ce774cd734b6e384d95051a7,B,"
A: So the answer is (b).
Q: What is"
26d7d59ef7b9f2e0c2d47419fa5bca91,D,"
A: So the answer is (d).
Q: What is"
ae56eff01d05422ddbcb26be7181356a,E,"
A: So the answer is (e).
Q: What is"
0cba8ddda21e29c8c53482e131d741cd,E,"
A: So the answer is (e).
Q: What is"
315baf79f8dd3673f67a90de0758240e,E,"
A: So the answer is (e).
Q: What is"
303aedda3a5ab8d853cbe4edc4b914c6,C,"
A: So the answer is (c).
Q: What is"
c432b860fcd7297751ff5254ec4a7956,A,"
A: So the answer is (a).
Q: What is"
001cb999a61a5c8b4031ff53cf261714,C,"
A: So the answer is (c).
Q: What is"
ea8664e77205224154f8519f922220e1,B,"
A: So the answer is (b).
Q: What is"
e1d354cbfcd620e5dacf83c17746c4b3,E,"
A: So the answer is (e).
Q: What is"
d0bda97a087904320216e4d0b8a08a8d,D,"
A: So the answer is (d).
Q: What is"
4319eaa36d256a92b72445c0392f9c94,D,"
A: So the answer is (d).
Q: What is"
adbddc80b10bf25f09c6c2bee4e3c59b,E,"
A: So the answer is (e).
Q: What is"
07f108d5321a66f460685f5c7499ecb2,D,"
A: So the answer is (d).
Q: What is"
a5456dc611aa93b81d7ab6ed8e160f85,B,"
A: So the answer is (b).
Q: What is"
48a315cfa3ce11f7a9d615bc854331d5,D,"
A: So the answer is (d).
Q: What is"
163898952cb6baf3a6440696e1352e86,B,"
A: So the answer is (b).
Q: What is"
bd4e80fa6642a76c064d0bc924411fb0,D,"
A: So the answer is (d).
Q: What is"
a2aa95861ef74bf1ecfc55db505e3982,D,"
A: So the answer is (d).
Q: What is"
4ef3d70648ee3cea028bc5ed0fdfda28,C,"
A: So the answer is (c).
Q: What is"
7cf54544d54818d53e7088c0749a3eca,C,"
A: So the answer is (c).
Q: What is"
f898eb5b789d2dc6804edba269f051f0,D," it
A: So the answer is (d).
Q: What"
b1274d6f5969dea4d46f43fbdc28fd97,E,"
A: So the answer is (e).
Q: What is"
3fcdc0b03e3c8b10692d642676931f4b,A," film
A: So the answer is (a).
Q: What"
08d908ed723f813574992195d61386a2,B,"
A: So the answer is (b).
Q: What is"
aed771629c8dbd0c2587891e98030607,E,"ful
A: So the answer is (e).
Q: What"
2a32b1e541b1daae04690d0d3a4b3310,C,"
A: So the answer is (c).
Q: What is"
3665b329f93f7c84edeabe394140f8d2,E,"
A: So the answer is (e).
Q: What is"
af035b75b6f7a1927b1648963f281c5e,B,"
A: So the answer is (b).
Q: What is"
2ac72eaf30a633c410b1bd658bbef0ba,A,"
A: So the answer is (a).
Q: What is"
5074bcaf0f700c9f3c8c563067af156a,C,"
A: So the answer is (c).
Q: What is"
46bc1a50eeead10509a43a048e01194e,D,"
A: So the answer is (d).
Q: What is"
6974d215428a974641c1df18678522f5,E,"
A: So the answer is (e).
Q: What is"
7776b10c7bb96f3fe5e026678673634d,B,"
A: So the answer is (b).
Q: What do"
d060ab71d0efff3cab5960089a6bb3a2,B,"
A: So the answer is (b).
Q: What is"
ba6bd1bdef02d0ebfe5370f92365ae18,B,"
A: So the answer is (b).
Q: What is"
316a8dee8a4dde7d95cf503a715104be,D,"
A: So the answer is (d).
Q: What is"
2d2b69ad187b7c40273ab13caab7dc19,A,"
A: So the answer is (a).
Q: What is"
22b8219d43a38a1130e0a35ece152337,B,"
A: So the answer is (b).
Q: What is"
b62d7d1b5eec31be0b65146a9fc069e0,C,"
A: So the answer is (c).
Q: What is"
f7140f00ddd8d1c5d93b05ea32ad1fff,D,"
A: So the answer is (d).
Q: What is"
efe488f67b53a4b6e69782c01c84f06c,D,"
A: So the answer is (d).
Q: What is"
cebc07bd5080cc72862cb333b10d782d,C,"
A: So the answer is (c).
Q: What is"
92f423de9a556a66c3eb73e9ddf9399a,B,"
A: So the answer is (b).
Q: What is"
e6586bba9fe96d38792e6e6d4f2703dc,E,"
A: So the answer is (e).
Q: What is"
aa5aa36557a5fbb93391506182f1025c,E,"
A: So the answer is (e).
Q: What is"
1017807310a25d3ea4a4ec305e91cba3,B,"
A: So the answer is (b).
Q: What is"
8bdbb8caefcc607a9ec7579aa0c87cba,C,"
A: So the answer is (c).
Q: What is"
8605fd2affc796d79073d0f3ef0761c9,B,"
A: So the answer is (b).
Q: What is"
5b5d2a8b83282f61c68a870116042f64,E,"
A: So the answer is (e).
Q: What is"
cef855ec07c66a731741026c2839b0d3,C,"
A: So the answer is (c).
Q: What is"
900492bd731f8f615ed7c08155737d44,E,"
A: So the answer is (e).
Q: What is"
c82ed0c2a2e115452b4d596c5faafbcf,D,"
A: So the answer is (d).
Q: What is"
ad37795fd9e3a65553683ff305b5113d,D,"
A: So the answer is (d).
Q: What is"
916bbd27545446ca5d83d07c10d013ea,E,"
A: So the answer is (e).
Q: What is"
f60641f550d5ee44ac1bedcaf6ad6357,B,"
A: So the answer is (b).
Q: What is"
d0c67c7ae6f2361fe237110455127866,C,"
A: So the answer is (c).
Q: What is"
dc55d473c22b04877b11d584f9548194,E,"
A: So the answer is (e).
Q: What is"
0547da29ffab9b441bae8870cd0f9dab,A,"
A: So the answer is (a).
Q: What is"
a5097b7f56d20217679f28201801476f,C,"
A: So the answer is (c).
Q: What is"
bb503ece4eac41dfe608a1dcb654e6bf,C,"
A: So the answer is (c).
Q: What is"
7490aa460f66000555a8a94008179cbb,E,"
A: So the answer is (e).
Q: What is"
4e87db4771f2d6423034935446e3fff1,B,"
A: So the answer is (b).
Q: What is"
061f326d2a87a10da6316b55bd5522bd,D,"
A: So the answer is (d).
Q: What is"
1d44fb5f4b7f1e23ff6c1c083db81ba1,E," together
A: So the answer is (e).
Q: What"
8c607d2e2e897d74048fcc794137b683,D,"
A: So the answer is (d).
Q: What is"
b1d5cdbf8ef7b3954a6a352bd4df5866,A,"
A: So the answer is (a).
Q: What is"
636fc69dee35cd357b4191b47e64d0e5,E,"
A: So the answer is (e).
Q: What is"
b3dc6d6a5e2f9d7da8eb72816c80b3f8_1,A,"
A: So the answer is (a).
Q: What is"
5b8d76889510384b38b72945e8d28f53,D,"
A: So the answer is (d).
Q: What is"
64ab884bd870f6f68146636b4cce921c,A,"
A: So the answer is (a).
Q: What is"
cf5a710c931779fb3dde198e0ace3b6a,E,"
A: So the answer is (e).
Q: What is"
c21ec5b367f409a0288d616f626555ae,A,"
A: So the answer is (a).
Q: What is"
ec86900559a0faf2aef066e511a4cfa6,E,"
A: So the answer is (e).
Q: What do"
095c5bc5fbaf12b384e9f7df47fdec16,C,"
A: So the answer is (c).
Q: What is"
383282aace64dd49138bac2392f8b38e,B,"
A: So the answer is (b).
Q: What is"
300bd7704ae8c5fcef618902f18fd01d,D,"
A: So the answer is (d).
Q: What is"
ba9132ebf2bc3ad21e6a0631dc4e0a77,D,"
A: So the answer is (d).
Q: What is"
a6d3a2cb250a6310b8cabd31dbe2138c,E," socket
A: So the answer is (e).
Q: What"
e53ba4c7d2a818bdb6001e6924bc8896,B,"
A: So the answer is (b).
Q: What is"
1ddd239a2a6438a891cb411b82e7f450,E,"
A: So the answer is (e).
Q: What is"
6915dfdefe3b1cd5fd8886c8bb84929a,A,"
A: So the answer is (a).
Q: What is"
235094c966bcbdc94701b41b969f9c75,A,"
A: So the answer is (a).
Q: What is"
335b51bd3a8ada014bbe6754dcbd425f,B,"house
A: So the answer is (b).
Q: What"
eb50f536830ba18ab987c7ff652e2aba,A,"
A: So the answer is (a).
Q: What is"
69425fb4cd2dc034e9ff223d2d5676ec,E,"
A: So the answer is (e).
Q: What is"
c22f30eee57f7191ee07e9a916460f68,D," shopping
A: So the answer is (d).
Q:"
eebddf5f35d85e9fe2ecbd9b56c1db60,D,"
A: So the answer is (d).
Q: What is"
5ff8b0deed53b9ff91d58bd5b6f85bdf,B,"
A: So the answer is (b).
Q: What is"
1fcc547e4e6813afc1a66717248d6c62,D,"
A: So the answer is (d).
Q: What is"
3c6e2d95a63316b31986e8c7979582c9,B,"
A: So the answer is (b).
Q: What is"
7fe53bf68ec57a52a508611acf5b279e,B,"
A: So the answer is (b).
Q: What is"
246249cd7976358051a9811ff9c30736,D,"
A: So the answer is (d).
Q: What is"
e7084c166ec67d0f983a26e055e845c6,E,"
A: So the answer is (e).
Q: What is"
30a8cfd186f1aae5acd425a52d058863,B,"
A: So the answer is (b).
Q: What is"
b1a9b20793b46e46e1beedadbf852f84,C,"
A: So the answer is (c).
Q: What is"
0fba83d3997f048adcc31937221af77e,B,"ed
A: So the answer is (b).
Q: What"
0b3a3ee40dd25be9735ac5e3342ca4dd,E,"
A: So the answer is (e).
Q: What is"
31d7dd1d00aabe411568df3e72d5b5e0,E,"
A: So the answer is (e).
Q: What is"
e211b1a3f3401d164c8b0bfc10160caa,C,"
A: So the answer is (c).
Q: What is"
91e0f4ab62c9d2fd440d73a3f5308d96,C,"
A: So the answer is (c).
Q: What is"
ec2e18fd8c18a4ebe5a091e0c8b94462,C,"
A: So the answer is (c).
Q: What is"
be737cd4db844574ef594442ce6c9453,D,"
A: So the answer is (d).
Q: What is"
c35f7de9e9005fcf654cb0b23f17acd6,E,"
A: So the answer is (e).
Q: What is"
a90f9197a13c64089c9ba95bcba275ad,B,"
A: So the answer is (b).
Q: What is"
715583129369c0c5c9f499c93a1c095e,E,"
A: So the answer is (e).
Q: What is"
99789083502af9bf111876a00fae44ac,E,"
A: So the answer is (e).
Q: What is"
750ebdf36a0b3b407be0fe2163e3700b,D,"
A: So the answer is (d).
Q: What is"
3d79c10ddf26a5ed7dc0bb168fb0b3ed,B,"
A: So the answer is (b).
Q: What is"
64dbe5cb840ef4f1d25f8b68db8d5fed,E,"
A: So the answer is (e).
Q: What is"
6bd170c8d3d99d3c47b3e96427bacaeb,E,"
A: So the answer is (e).
Q: What is"
60848ce50295fc745756fbe960e78b88,D,"
A: So the answer is (d).
Q: What is"
7c95d753943c58757fe6e1ccff8aea14,E," himself
A: So the answer is (e).
Q: What"
d06de16a4aaeaef32b398c1213257b4a,C," their passports
A: So the answer is (c).
Q"
63bb6128026ce24209583d0eea75fc27,D,"
A: So the answer is (d).
Q: What is"
a74753bf249c1cbcff632c5c16b0397b,C,"
A: So the answer is (c).
Q: What is"
bdf92566f14599f1606109677206001f,A,"
A: So the answer is (a).
Q: What is"
42520bf3f93f8de23670044e019001a3,D,"
A: So the answer is (d).
Q: What is"
6c70d98cfb8e97fda8caefcee761a229,D,"
A: So the answer is (d).
Q: What is"
e5ebbe0ea4097bb197ac525b49108362,C,"
A: So the answer is (c).
Q: What is"
db8e010754c532d78635e5b7cf81a147,E,"
A: So the answer is (e).
Q: What is"
08db69edf0ec5848c1a53dca8fc1601a,C,"
A: So the answer is (c).
Q: What is"
18eb6a3b54ccf4989e268cfb9ea90f9c,B,"
A: So the answer is (b).
Q: What is"
879239b8a788f3c9e3dfdd0862f3d7c5,C,"
A: So the answer is (c).
Q: What is"
684dbde19719e8224113433981d6e01e,D,"
A: So the answer is (d).
Q: What is"
7a3d0c94438a5c8a09364aaebb848a2c,A,"
A: So the answer is (a).
Q: What is"
07fd8b0aed06406fedb137d11b07a890,D,"
A: So the answer is (d).
Q: What is"
a400b9fd1e319f901471c4b42d401c52,E,"
A: So the answer is (e).
Q: What is"
d64a676e9d22e7edd12e7f4ce267a9f0,E,"
A: So the answer is (e).
Q: What do"
b4cde6a56fb19afc84876ebf2fb9e71a,A,"
A: So the answer is (a).
Q: What is"
bea07406aaadeef50110883b6932d86a,D,"
A: So the answer is (d).
Q: What is"
34ec6393db5a01f689c11fac153e31c1,E," a tree
A: So the answer is (e).
Q:"
abcf1b550b4d44f46d4f68b8e1d98ec8,D,"
A: So the answer is (d).
Q: What is"
5cac4da628f0a58db980649079bd5784,D,"
A: So the answer is (d).
Q: What is"
b23edb651e623e5d1e03e8ed3937e8fc,B,"
A: So the answer is (b).
Q: What is"
6dc5b2884737e66543ce65f8dc40c992,E,"
A: So the answer is (e).
Q: What is"
866ea9c668c0b42df19fa20865e31f77,D,"
A: So the answer is (d).
Q: What is"
3ebc5ddd2e97fe37fcb52aa2a9e2e1a7,B,"
A: So the answer is (b).
Q: What is"
78d1218aeff70a70904767349e3c4c53,D,"
A: So the answer is (d).
Q: What is"
b93532cae23e505628dd88568da3337e,E,"
A: So the answer is (e).
Q: What is"
3ffe67fb009529d9b0c49ccd7141ee4a,D,"
A: So the answer is (d).
Q: What is"
895aa97bb84d874d71b2aed572cebfdd,E,"
A: So the answer is (e).
Q: What is"
c57ed32566a2db1ec3d6e4fd595b9d05,C,"
A: So the answer is (c).
Q: What is"
aefa60233f3c5c4966f8ac22e901a1c7,A,"
A: So the answer is (a).
Q: What is"
8cb45b421375243e788cfc64bd77b051,E,"
A: So the answer is (e).
Q: What is"
6b9221c1af583ffb43580857d6fde38a,D,"
A: So the answer is (d).
Q: What is"
042898e0c71adac5d123aaa6221c9754,A," out
A: So the answer is (a).
Q: What"
acb3147d946db3b06a596d48e0be56cf,A,"
A: So the answer is (a).
Q: What is"
f427f9de6bf580314531baf86de8acbc,B,"
A: So the answer is (b).
Q: What is"
9221962ed3a6094e5c8f33785ce048cd,E,"
A: So the answer is (e).
Q: What is"
43ab0ff711e60d51f943bbd2cdd6515a,E,"
A: So the answer is (e).
Q: What is"
5799089c131e26473697afc54d5f6964,E,"
A: So the answer is (e).
Q: What is"
a7f29f4aebe0e3bcb77038fea71bf28c,B,"
A: So the answer is (b).
Q: What is"
f75357e48c3026cfa4da3dba9f91bb21,E,"
A: So the answer is (e).
Q: What is"
9d625e948e9c3777e7cc54ed8ffea135,A,"
A: So the answer is (a).
Q: What is"
839f3c37622c1ed5eebc9cd0b9d658e8,D,"
A: So the answer is (d).
Q: What is"
a0d02fc32878efdf0b0d420972943492,C,"
A: So the answer is (c).
Q: What is"
dbdad44029098d4b1d202d6d857d6092,A,"
A: So the answer is (a).
Q: What is"
8b94b61b604ec0d7508804033eec6d23,D,"
A: So the answer is (d).
Q: What is"
549cf641318edfc0510fa7c7dbb359e1,C,"
A: So the answer is (c).
Q: What is"
179fff4b5928e5ac3d3ae3e1db782547,D,"
A: So the answer is (d).
Q: What is"
7905b9f4ba503b0ce13b576808e99c42,D,"
A: So the answer is (d).
Q: What is"
b9bed83138901f4a45041b02c5b242c1,B," shop
A: So the answer is (b).
Q: What"
f9243ef9f0037657c337d3c6a9832f05,D,"
A: So the answer is (d).
Q: What is"
5e851c47682bdf79ec7c139ecf124c9a,C,"
A: So the answer is (c).
Q: What is"
463521a93ae71e93bea8b97cdf7a6792,B,"
A: So the answer is (b).
Q: What is"
cfa980561efe82e7ae7080d4f081b463,D,"
A: So the answer is (d).
Q: What is"
cbb0c9a69ca0922371a48177087ef407,C,"
A: So the answer is (c).
Q: What is"
684204df916cc58d47293960f9c6ed9f,E,"
A: So the answer is (e).
Q: What is"
57a343d72031b668e5eb91868420e915,C,"
A: So the answer is (c).
Q: What is"
8272f08792b873885f93d4c148e307e5,B,"hole
A: So the answer is (b).
Q: What"
c0c07ce781653b2a2c01871ba2bcba93,A,"ing
A: So the answer is (a).
Q: What"
91f2532a832a35cba1b08a3c767be6da,E,"
A: So the answer is (e).
Q: What is"
38e61d4be0da46b3cbbd76dc20bce677,E,"
A: So the answer is (e).
Q: What is"
e18dd9ffc7b7934c39f2b5e9dee5a8c2,E,"
A: So the answer is (e).
Q: What is"
2de08c7a518b7c226e19bdc8fc10ef1d,E,"
A: So the answer is (e).
Q: What is"
21e312c7fd1a52341ce35b66457eab36,C,"
A: So the answer is (c).
Q: What is"
bdcfbe2132295d437e4c5701085f19c0,D,"
A: So the answer is (d).
Q: What is"
2d3c9d3dff1a7a8253180cb3de1ceeea,B,"
A: So the answer is (b).
Q: What is"
a7e3de0719fe30e7048f67426e29fdd1,D,"
A: So the answer is (d).
Q: What is"
aabe8eb218468fc63b6c9aa6d428c951,B,"
A: So the answer is (b).
Q: What is"
3fdc0c422c524c994b9911a17f1f1834,A,"
A: So the answer is (a).
Q: What is"
57f92025d860e32c4e780c0d51c1c20c,B,"
A: So the answer is (b).
Q: What is"
27d9b4df2ca50112d282331df4923e96,E,"
A: So the answer is (e).
Q: What is"
98a04457025f18c2287d5c610ff8000d,E,"
A: So the answer is (e).
Q: What is"
b8c0a4703079cf661d7261a60a1bcbff,B,"
A: So the answer is (b).
Q: What is"
bee2a6eadfaf7a4fa0a214e341ddbe5b,A,"
A: So the answer is (a).
Q: What is"
18ee7a93410a6b4c9cec5d4894775991_1,C,"
A: So the answer is (c).
Q: What is"
114d310d1198abffaf8b88dab5a55aa7,C," louder
A: So the answer is (c).
Q"
af836abc58e0daf36df1d8d6830b70c5,B,"
A: So the answer is (b).
Q: What is"
7c45033e9fd9f1a759923971b14390ed,E,"
A: So the answer is (e).
Q: What is"
8c11546468a2595b29a1297e73334fc4,B,"
A: So the answer is (b).
Q: What is"
3e2222c99e11fca2ad4af2d470eb8ea2_1,D,"
A: So the answer is (d).
Q: What is"
2b7dd91da5dde1560ace2cd82af926de,E,"
A: So the answer is (e).
Q: What is"
6ca8439d062de4d43d7d471c508b78db,D,"
A: So the answer is (d).
Q: What is"
c1aebf059c5102f4e773f7fe4afe13f0,D,"
A: So the answer is (d).
Q: What is"
2987db72e66f5fa0015ac64f9b3614ec,E,"
A: So the answer is (e).
Q: What do"
30138608d4934a75cf0911a06b021374,E,"ting
A: So the answer is (e).
Q: What"
27c523eb9099d2eec66296558eb4448e,A,"
A: So the answer is (a).
Q: What is"
5d03ad171fd661a28da5b6eb79967a6b,C,"
A: So the answer is (c).
Q: What is"
4768aa28fa14569d830f8947565296c1,E,"
A: So the answer is (e).
Q: What is"
df3d27338bcf86b341b8b02d4309daf5,B,"
A: So the answer is (b).
Q: What is"
3310b5b24f03d67179fababf9ae95144,C,"
A: So the answer is (c).
Q: What is"
27604394ccee83e089f9ffae1883cf07,E,"
A: So the answer is (e).
Q: What is"
3ceae7a18073050bd2c0448abef1f393,C,"
A: So the answer is (c).
Q: What is"
1272e693cf9152e7ac71095c643676b5,C,"
A: So the answer is (c).
Q: What is"
8f2976690c83be6b8fa3a1196dfd9722,E,"
A: So the answer is (e).
Q: What is"
fee5f4e9d8e37f0183e36eb9b8dbcbb9,A,"
A: So the answer is (a).
Q: What is"
0f79faf5337706f2e0e39c15bbd2e99a,B,"
A: So the answer is (b).
Q: What is"
4ab069f2e979d51f2c5929f590d09982,C," square
A: So the answer is (c).
Q: What"
cdd3d074031fbd3efeb4f9408abef04e,E,"
A: So the answer is (e).
Q: What is"
9e7805871c8a276300a89fe910a90949,A,"
A: So the answer is (a).
Q: What is"
68c41ec8415eab50620eb9ecf6f35a6a,D,"
A: So the answer is (d).
Q: What is"
db0cfd52ca6b2bbfcf26d1a898fd929b,C,"
A: So the answer is (c).
Q: What is"
313d033c33ec475e04e628f87c5686bd,C,"
A: So the answer is (c).
Q: What is"
1a8fbab20bbdf0bbf3961894662d5f7c,E,"
A: So the answer is (e).
Q: What is"
d6bb990e8c409d2b3af37a2da198e01f,E,"
A: So the answer is (e).
Q: What is"
c5ad166ab5c5f5f067aa02b20f482523,E,"
A: So the answer is (e).
Q: What is"
fde48d43e27cefed6ed9c52514e0bb6d,E,"
A: So the answer is (e).
Q: What is"
5169f7ae0781b15161551de3a189ebef,C,"
A: So the answer is (c).
Q: What do"
b42ef8be1748c19fa5938de5396f8fad,B,"
A: So the answer is (b).
Q: What is"
9024493a3edbaf555fda5b477e835bf5,E,"
A: So the answer is (e).
Q: What is"
0611dfbf5114084723d75f59b4f67412,E,"bag
A: So the answer is (e).
Q: What"
9c784727afd7176b54764055df7a7927,C,"
A: So the answer is (c).
Q: What is"
964185aed0e381853332bca1a4d91f46,D,"
A: So the answer is (d).
Q: What is"
7400e9c4a2c8e600a0f7e2d162a07837,D,"
A: So the answer is (d).
Q: What is"
064c3074a682893d49c3c5b4f1e89984,C,"
A: So the answer is (c).
Q: What is"
6e433471d0e2590b8c73ceef275022b1,D,"
A: So the answer is (d).
Q: What is"
5d1df1daa886efb78db2103ddc1398eb,A,"
A: So the answer is (a).
Q: What is"
ba640b9634ad6b4ad98b17b4f152e562,B,"
A: So the answer is (b).
Q: What is"
0f4159e80f8dbf682819215bbf0f5b5a_1,A,"
A: So the answer is (a).
Q: What is"
d31ee38f67d1173275e120b8ad36039c,C,"
A: So the answer is (c).
Q: What is"
8d4b0312f02be445e09a9462873d02bb,D,"
A: So the answer is (d).
Q: What is"
ef22ef7aeec70aaa688720f805c1cf38,B,"
A: So the answer is (b).
Q: What is"
aa4c5d2d348796b8d7fa324f27f4c34f,D,"
A: So the answer is (d).
Q: What is"
1db19a32a3edbff9981976dc9ec800ce,D,"
A: So the answer is (d).
Q: What is"
5a8e7d2f97f76adb23fbd59a009d16f0,A,"
A: So the answer is (a).
Q: What is"
0197ade3bb26d163ab2e284c960c626f,A,"
A: So the answer is (a).
Q: What is"
1531f1523f5fd24bbdb42c311dbf90e8,E,"
A: So the answer is (e).
Q: What is"
ea02772e27f5bd40eced3b65e8c6427f,B,"
A: So the answer is (b).
Q: What is"
f13efb91090dd28fd2b3c1f4dde680fd,A,"
A: So the answer is (a).
Q: What is"
eae0e03773365064ce915603c7addc91,A,"
A: So the answer is (a).
Q: What do"
732af155f677a51d05d0c9e080d598b6,D,"
A: So the answer is (d).
Q: What is"
0aa23ad1ba9f28bc3e0185237a7ce1cc,C,"bag
A: So the answer is (c).
Q: What"
de54d03e69d9765872f95ff06ed21499,B,"
A: So the answer is (b).
Q: What is"
2a58e81a9c4ce095d099e0d785fc2da4,B,"
A: So the answer is (b).
Q: What is"
cf02cca40a47c2deefd8b2e5a5ff2f70,A,"
A: So the answer is (a).
Q: What is"
866ef7266d34c11e5a1b3df49fab96a4,D,"
A: So the answer is (d).
Q: What is"
29c194d032a266a7160bff6f546a4d9d,D,"becue
A: So the answer is (d).
Q:"
1feb4c2a0e8ed638259f5d27b16eae9a,B,"
A: So the answer is (b).
Q: What is"
52ecf169febc95a7f5ccb048fc85857d,E,"
A: So the answer is (e).
Q: What is"
a0f5414bf98e094f4d807abee28861a4,B,"
A: So the answer is (b).
Q: What is"
178cb8153123716aa94f286b615149d4,E,"
A: So the answer is (e).
Q: What is"
0519b0b0869681c2884f53dbfa43e538,B,"
A: So the answer is (b).
Q: What is"
bc08c354e5bead6863ea4a29cb8fa359,E,"
A: So the answer is (e).
Q: What is"
8b25332de2894ab38784235838d38cec,E,"
A: So the answer is (e).
Q: What is"
e58eb0ec4197c29e961a7bdd4d67de4e,D,"
A: So the answer is (d).
Q: What is"
29c2cc0ba85b4afb9c9d29801469a68f,C,"
A: So the answer is (c).
Q: What is"
b4043bd1f65a8ad088e62042eca259c2,B,"
A: So the answer is (b).
Q: What is"
9fdebd1c2cf498f1d726a025b780a39a,A,"
A: So the answer is (a).
Q: What is"
d747c4e463b80bfcc49b874063f9fae1,D,"
A: So the answer is (d).
Q: What is"
6c36226b23377a0dd0188bf56840e22a,C,"
A: So the answer is (c).
Q: What is"
a8c284637dabc87745a7eb05d4f7fcbc,D,"
A: So the answer is (d).
Q: What is"
ee46995407eb6357bb5410d49d378629,E,"
A: So the answer is (e).
Q: What is"
7ec14907622c6d5a6087cd59a22d8c9d,D,"
A: So the answer is (d).
Q: What is"
dbcedaa6a6f1f68bc8f2bf7aef23294e,D,"
A: So the answer is (d).
Q: What do"
7a900bc3a373806b6c56f0e19534005f,B,"
A: So the answer is (b).
Q: What is"
1caf93d6a22dc8190e19c14bbe1fafda,B,"
A: So the answer is (b).
Q: What do"
0c1efb38e023ee9725486fbec4f2d797,D,"
A: So the answer is (d).
Q: What is"
31b72d4e4ae7c672c20e27e42499ec79,E,"
A: So the answer is (e).
Q: What is"
009a7aabffe0583fc2df46656b29c326,C,"
A: So the answer is (c).
Q: What is"
e69da59cbcf2a302e4523571eba8186b,A,"
A: So the answer is (a).
Q: What is"
6a1bf527af9ed0685ac5e2bf0bd76647,B,"
A: So the answer is (b).
Q: What is"
d725f1c2e150a3221de31612123f3f46,A,"
A: So the answer is (a).
Q: What do"
ddd8c62ec94b4f94eeefdd05b9208a71,C,"
A: So the answer is (c).
Q: What is"
ad0943fc37034cd2b7e485021f8b1b8c,D,"
A: So the answer is (d).
Q: What is"
570be8c1edb8c638603dc5c8cae421cc,D,"
A: So the answer is (d).
Q: What is"
8369adc4b4710d00f917d80a75d844d7,C,"
A: So the answer is (c).
Q: What is"
13fc28f53423a9b3a656c9431df1b3b5,A,"
A: So the answer is (a).
Q: What is"
3bf06235a537adc9d85431846595b800,B,"
A: So the answer is (b).
Q: What is"
f18833ace65a54709377134168b457a9,C,"
A: So the answer is (c).
Q: What is"
e050bce7048da1b3743a54153e91694e,A,"
A: So the answer is (a).
Q: What is"
f7c005244d406b9bde48dc8c22003af1,A,"
A: So the answer is (a).
Q: What is"
99e0b2ddf88ebed98b977043b7c2331b,D,"
A: So the answer is (d).
Q: What is"
1bc986f8aea88d6927d8a45367855a94,E,"
A: So the answer is (e).
Q: What is"
0a2195ae8d4706abc5721578c9991466,B,"
A: So the answer is (b).
Q: What is"
